#ifndef __usbd_irx__
#define __usbd_irx__

unsigned int size_usbd_irx = 23348;
unsigned char usbd_irx[] __attribute__((aligned(16))) = {
	0x7f, 0x45, 0x4c, 0x46, 0x01, 0x01, 0x01, 0x00, 0x00, 0x00, 0x00, 0x00, 0x00, 0x00, 0x00, 0x00, 
	0x80, 0xff, 0x08, 0x00, 0x01, 0x00, 0x00, 0x00, 0xf0, 0x32, 0x00, 0x00, 0x34, 0x00, 0x00, 0x00, 
	0x04, 0x59, 0x00, 0x00, 0x01, 0x10, 0x00, 0x00, 0x34, 0x00, 0x20, 0x00, 0x02, 0x00, 0x28, 0x00, 
	0x0e, 0x00, 0x0d, 0x00, 0x80, 0x00, 0x00, 0x70, 0x58, 0x47, 0x00, 0x00, 0x00, 0x00, 0x00, 0x00, 
	0x00, 0x00, 0x00, 0x00, 0x1f, 0x00, 0x00, 0x00, 0x00, 0x00, 0x00, 0x00, 0x04, 0x00, 0x00, 0x00, 
	0x04, 0x00, 0x00, 0x00, 0x01, 0x00, 0x00, 0x00, 0x80, 0x00, 0x00, 0x00, 0x00, 0x00, 0x00, 0x00, 
	0x00, 0x00, 0x00, 0x00, 0xd8, 0x46, 0x00, 0x00, 0xa0, 0x47, 0x00, 0x00, 0x07, 0x00, 0x00, 0x00, 
	0x10, 0x00, 0x00, 0x00, 0x00, 0x00, 0x00, 0x00, 0x00, 0x00, 0x00, 0x00, 0x00, 0x00, 0x00, 0x00, 
	0xe8, 0xff, 0xbd, 0x27, 0x14, 0x00, 0xbf, 0xaf, 0x01, 0x11, 0x00, 0x0c, 0x01, 0x00, 0x05, 0x24, 
	0x14, 0x00, 0xbf, 0x8f, 0x25, 0x10, 0x00, 0x00, 0x08, 0x00, 0xe0, 0x03, 0x18, 0x00, 0xbd, 0x27, 
	0x3b, 0x00, 0xa0, 0x10, 0x00, 0x00, 0x00, 0x00, 0xe0, 0xff, 0xbd, 0x27, 0x14, 0x00, 0xb1, 0xaf, 
	0x00, 0x00, 0x11, 0x3c, 0x00, 0x47, 0x31, 0x26, 0x44, 0x00, 0x22, 0x8e, 0x10, 0x00, 0xb0, 0xaf, 
	0x2b, 0x18, 0xa2, 0x00, 0x1c, 0x00, 0xbf, 0xaf, 0x18, 0x00, 0xb2, 0xaf, 0x23, 0x00, 0x60, 0x14, 
	0x25, 0x80, 0xa0, 0x00, 0x25, 0x90, 0x80, 0x00, 0x00, 0x00, 0x04, 0x3c, 0x94, 0x46, 0x84, 0x8c, 
	0x00, 0x00, 0x00, 0x00, 0x80, 0x18, 0x04, 0x00, 0x21, 0x18, 0x64, 0x00, 0x00, 0x19, 0x03, 0x00, 
	0x21, 0x10, 0x43, 0x00, 0x2b, 0x10, 0xa2, 0x00, 0x18, 0x00, 0x40, 0x10, 0x00, 0x00, 0x00, 0x00, 
	0x05, 0x00, 0xa2, 0x90, 0x00, 0x00, 0x00, 0x00, 0x03, 0x00, 0x40, 0x10, 0x00, 0x00, 0x00, 0x00, 
	0x28, 0x0d, 0x00, 0x0c, 0x25, 0x20, 0xa0, 0x00, 0x08, 0x00, 0x02, 0x8e, 0x0c, 0x00, 0x03, 0x8e, 
	0x15, 0x00, 0x40, 0x10, 0x00, 0x00, 0x00, 0x00, 0x0c, 0x00, 0x43, 0xac, 0x0c, 0x00, 0x03, 0x8e, 
	0x00, 0x00, 0x00, 0x00, 0x12, 0x00, 0x60, 0x10, 0x00, 0x00, 0x00, 0x00, 0x08, 0x00, 0x62, 0xac, 
	0x4c, 0x00, 0x22, 0x8e, 0x18, 0x00, 0x00, 0xae, 0x08, 0x00, 0x00, 0xae, 0x0e, 0x00, 0x40, 0x10, 
	0x0c, 0x00, 0x02, 0xae, 0x08, 0x00, 0x50, 0xac, 0x4c, 0x00, 0x30, 0xae, 0x1c, 0x00, 0xbf, 0x8f, 
	0x18, 0x00, 0xb2, 0x8f, 0x14, 0x00, 0xb1, 0x8f, 0x10, 0x00, 0xb0, 0x8f, 0x25, 0x10, 0x00, 0x00, 
	0x08, 0x00, 0xe0, 0x03, 0x20, 0x00, 0xbd, 0x27, 0xec, 0xff, 0x00, 0x10, 0x10, 0x00, 0x43, 0xae, 
	0xef, 0xff, 0x00, 0x10, 0x0c, 0x00, 0x42, 0xae, 0xf3, 0xff, 0x00, 0x10, 0x48, 0x00, 0x30, 0xae, 
	0x08, 0x00, 0xe0, 0x03, 0x25, 0x10, 0x00, 0x00, 0xd8, 0xff, 0xbd, 0x27, 0x1c, 0x00, 0xb3, 0xaf, 
	0x25, 0x98, 0xa0, 0x00, 0x25, 0x28, 0xc0, 0x00, 0x20, 0x00, 0xb4, 0xaf, 0x14, 0x00, 0xb1, 0xaf, 
	0x24, 0x00, 0xbf, 0xaf, 0x18, 0x00, 0xb2, 0xaf, 0x10, 0x00, 0xb0, 0xaf, 0x25, 0x88, 0x80, 0x00, 
	0xbd, 0x0a, 0x00, 0x0c, 0x25, 0xa0, 0xc0, 0x00, 0x2f, 0x00, 0x40, 0x10, 0x00, 0x00, 0x00, 0x00, 
	0x6f, 0x00, 0x60, 0x12, 0x25, 0x90, 0x40, 0x00, 0x05, 0x00, 0x70, 0x92, 0x04, 0x00, 0x62, 0x92, 
	0x03, 0x00, 0x64, 0x92, 0x00, 0x82, 0x10, 0x00, 0x25, 0x80, 0x02, 0x02, 0x03, 0x00, 0x84, 0x30, 
	0x01, 0x00, 0x02, 0x24, 0x2e, 0x00, 0x82, 0x14, 0x00, 0x00, 0x00, 0x00, 0x04, 0x0a, 0x00, 0x0c, 
	0x00, 0x00, 0x00, 0x00, 0x1d, 0x00, 0x40, 0x10, 0xff, 0x07, 0x10, 0x32, 0x41, 0x00, 0x04, 0x24, 
	0x00, 0x80, 0x03, 0x34, 0x1a, 0x00, 0x25, 0x92, 0x00, 0x00, 0x00, 0x00, 0x02, 0x00, 0xa0, 0x10, 
	0x00, 0x00, 0x00, 0x00, 0x00, 0x20, 0x63, 0x34, 0x02, 0x00, 0x65, 0x92, 0x00, 0x00, 0x00, 0x00, 
	0xc0, 0x31, 0x05, 0x00, 0x00, 0x2e, 0x05, 0x00, 0x80, 0x07, 0xc6, 0x30, 0x03, 0x2e, 0x05, 0x00, 
	0x51, 0x00, 0xa1, 0x04, 0x25, 0x18, 0x66, 0x00, 0x00, 0x10, 0x63, 0x34, 0x19, 0x00, 0x25, 0x92, 
	0xff, 0xff, 0x63, 0x30, 0x7f, 0x00, 0xa5, 0x30, 0x25, 0x18, 0x65, 0x00, 0x40, 0x00, 0x43, 0xa6, 
	0x42, 0x00, 0x50, 0xa6, 0x54, 0x00, 0x40, 0x14, 0x04, 0x00, 0x44, 0xa2, 0x26, 0x0a, 0x00, 0x0c, 
	0x00, 0x00, 0x00, 0x00, 0x50, 0x00, 0x40, 0x14, 0x00, 0x00, 0x00, 0x00, 0x25, 0x28, 0x40, 0x02, 
	0x08, 0x00, 0x00, 0x0c, 0x25, 0x20, 0x20, 0x02, 0x25, 0x90, 0x00, 0x00, 0x24, 0x00, 0xbf, 0x8f, 
	0x20, 0x00, 0xb4, 0x8f, 0x1c, 0x00, 0xb3, 0x8f, 0x14, 0x00, 0xb1, 0x8f, 0x10, 0x00, 0xb0, 0x8f, 
	0x25, 0x10, 0x40, 0x02, 0x18, 0x00, 0xb2, 0x8f, 0x08, 0x00, 0xe0, 0x03, 0x28, 0x00, 0xbd, 0x27, 
	0x0f, 0x00, 0x80, 0x14, 0x03, 0x00, 0x02, 0x24, 0x06, 0x00, 0x80, 0x12, 0x00, 0x00, 0x00, 0x00, 
	0xff, 0x07, 0x10, 0x32, 0x25, 0x10, 0x00, 0x00, 0x3f, 0x00, 0x04, 0x24, 0xd1, 0xff, 0x00, 0x10, 
	0x25, 0x18, 0x00, 0x00, 0x25, 0x10, 0x00, 0x02, 0x3f, 0x00, 0x10, 0x2e, 0x02, 0x00, 0x00, 0x16, 
	0x00, 0x00, 0x00, 0x00, 0x3e, 0x00, 0x02, 0x24, 0xf6, 0xff, 0x00, 0x10, 0xff, 0xff, 0x50, 0x30, 
	0x13, 0x00, 0x82, 0x14, 0x00, 0x00, 0x00, 0x00, 0x06, 0x00, 0x62, 0x92, 0x00, 0x00, 0x00, 0x00, 
	0x20, 0x00, 0x43, 0x2c, 0x10, 0x00, 0x60, 0x10, 0x10, 0x00, 0x43, 0x2c, 0x10, 0x00, 0x60, 0x10, 
	0x08, 0x00, 0x43, 0x2c, 0x10, 0x00, 0x60, 0x10, 0x04, 0x00, 0x43, 0x2c, 0x02, 0x00, 0x60, 0x10, 
	0x02, 0x00, 0x42, 0x2c, 0x01, 0x00, 0x44, 0x38, 0x02, 0x00, 0x62, 0x82, 0x00, 0x00, 0x00, 0x00, 
	0x0b, 0x00, 0x41, 0x04, 0x00, 0x00, 0x00, 0x00, 0x11, 0x00, 0x00, 0x10, 0xff, 0x07, 0x10, 0x32, 
	0xf9, 0xff, 0x00, 0x10, 0x40, 0x00, 0x04, 0x24, 0xf7, 0xff, 0x00, 0x10, 0x1f, 0x00, 0x04, 0x24, 
	0xf5, 0xff, 0x00, 0x10, 0x0f, 0x00, 0x04, 0x24, 0xf3, 0xff, 0x00, 0x10, 0x07, 0x00, 0x04, 0x24, 
	0xf5, 0xff, 0x80, 0x16, 0x00, 0x00, 0x00, 0x00, 0x25, 0x10, 0x00, 0x02, 0x3f, 0x00, 0x10, 0x2e, 
	0x02, 0x00, 0x00, 0x16, 0x00, 0x00, 0x00, 0x00, 0x3e, 0x00, 0x02, 0x24, 0xff, 0xff, 0x50, 0x30, 
	0xd2, 0xff, 0x00, 0x10, 0x25, 0x10, 0x00, 0x00, 0xb0, 0xff, 0x00, 0x10, 0x00, 0x08, 0x63, 0x34, 
	0x08, 0x00, 0x02, 0x24, 0x42, 0x00, 0x42, 0xa6, 0x1a, 0x00, 0x22, 0x92, 0x00, 0x00, 0x00, 0x00, 
	0x2b, 0x10, 0x02, 0x00, 0x40, 0x13, 0x02, 0x00, 0x40, 0x00, 0x42, 0xa6, 0x3f, 0x00, 0x02, 0x24, 
	0xae, 0xff, 0x00, 0x10, 0x04, 0x00, 0x42, 0xa2, 0x04, 0x00, 0x44, 0x92, 0x44, 0x00, 0x42, 0xae, 
	0x48, 0x00, 0x42, 0xae, 0xa2, 0x0a, 0x00, 0x0c, 0x40, 0x00, 0x45, 0x26, 0xaf, 0xff, 0x00, 0x10, 
	0x00, 0x00, 0x00, 0x00, 0x24, 0x00, 0x82, 0x8c, 0x00, 0x00, 0x00, 0x00, 0x08, 0x00, 0x40, 0x10, 
	0x00, 0x00, 0x00, 0x00, 0x04, 0x00, 0xa0, 0x14, 0x00, 0x00, 0x00, 0x00, 0x0c, 0x00, 0x82, 0x8c, 
	0x08, 0x00, 0xe0, 0x03, 0x00, 0x00, 0x00, 0x00, 0x46, 0x00, 0x00, 0x08, 0x00, 0x00, 0x00, 0x00, 
	0x08, 0x00, 0xe0, 0x03, 0x00, 0x00, 0x00, 0x00, 0x25, 0x28, 0x80, 0x00, 0x18, 0x00, 0x84, 0x8c, 
	0x00, 0x00, 0x00, 0x00, 0x0c, 0x00, 0x82, 0x8c, 0x00, 0x00, 0x00, 0x00, 0x03, 0x00, 0x45, 0x10, 
	0x00, 0x00, 0x00, 0x00, 0x9f, 0x05, 0x00, 0x08, 0x00, 0x00, 0x00, 0x00, 0x08, 0x00, 0xe0, 0x03, 
	0x25, 0x10, 0x00, 0x00, 0xe0, 0xff, 0xbd, 0x27, 0x18, 0x00, 0xb1, 0xaf, 0x14, 0x00, 0xb0, 0xaf, 
	0x1c, 0x00, 0xbf, 0xaf, 0x25, 0x80, 0xa0, 0x00, 0xe2, 0x0a, 0x00, 0x0c, 0x25, 0x88, 0xc0, 0x00, 
	0x25, 0x20, 0x40, 0x00, 0x13, 0x00, 0x80, 0x10, 0x25, 0x10, 0x00, 0x00, 0x16, 0x00, 0x00, 0x12, 
	0x00, 0x00, 0x00, 0x00, 0x00, 0x00, 0x03, 0x92, 0x00, 0x00, 0x00, 0x00, 0x21, 0x10, 0x03, 0x02, 
	0x0c, 0x00, 0x20, 0x12, 0x00, 0x00, 0x00, 0x00, 0x88, 0x00, 0x85, 0x8c, 0x00, 0x00, 0x00, 0x00, 
	0x2b, 0x18, 0x45, 0x00, 0x06, 0x00, 0x60, 0x10, 0x00, 0x00, 0x00, 0x00, 0x00, 0x00, 0x43, 0x90, 
	0x00, 0x00, 0x00, 0x00, 0x02, 0x00, 0x64, 0x2c, 0x0a, 0x00, 0x80, 0x10, 0x00, 0x00, 0x00, 0x00, 
	0x25, 0x10, 0x00, 0x00, 0x1c, 0x00, 0xbf, 0x8f, 0x18, 0x00, 0xb1, 0x8f, 0x14, 0x00, 0xb0, 0x8f, 
	0x08, 0x00, 0xe0, 0x03, 0x20, 0x00, 0xbd, 0x27, 0x84, 0x00, 0x82, 0x8c, 0xec, 0xff, 0x00, 0x10, 
	0x00, 0x00, 0x00, 0x00, 0x01, 0x00, 0x44, 0x90, 0x00, 0x00, 0x00, 0x00, 0xf5, 0xff, 0x91, 0x10, 
	0x00, 0x00, 0x00, 0x00, 0xea, 0xff, 0x00, 0x10, 0x21, 0x10, 0x43, 0x00, 0xd8, 0xff, 0xbd, 0x27, 
	0x1c, 0x00, 0xb3, 0xaf, 0x00, 0x00, 0x13, 0x3c, 0x00, 0x47, 0x73, 0x26, 0x68, 0x00, 0x62, 0x8e, 
	0x10, 0x00, 0xb0, 0xaf, 0x1c, 0x00, 0x50, 0x8c, 0x20, 0x00, 0xb4, 0xaf, 0x18, 0x00, 0xb2, 0xaf, 
	0x24, 0x00, 0xbf, 0xaf, 0x14, 0x00, 0xb1, 0xaf, 0x25, 0x90, 0x00, 0x00, 0x1f, 0x00, 0x14, 0x3c, 
	0x09, 0x00, 0x00, 0x16, 0x80, 0x18, 0x12, 0x00, 0x24, 0x00, 0xbf, 0x8f, 0x20, 0x00, 0xb4, 0x8f, 
	0x1c, 0x00, 0xb3, 0x8f, 0x18, 0x00, 0xb2, 0x8f, 0x14, 0x00, 0xb1, 0x8f, 0x10, 0x00, 0xb0, 0x8f, 
	0x08, 0x00, 0xe0, 0x03, 0x28, 0x00, 0xbd, 0x27, 0x00, 0x00, 0x62, 0x8e, 0x00, 0x00, 0x00, 0x00, 
	0x21, 0x10, 0x43, 0x00, 0x54, 0x00, 0x51, 0x8c, 0x54, 0x00, 0x54, 0xac, 0x01, 0x00, 0x22, 0x32, 
	0x2c, 0x00, 0x40, 0x10, 0x00, 0x00, 0x00, 0x00, 0x18, 0x00, 0x02, 0x92, 0x00, 0x00, 0x00, 0x00, 
	0x09, 0x00, 0x40, 0x10, 0x00, 0x00, 0x00, 0x00, 0x01, 0x00, 0x02, 0x3c, 0x24, 0x10, 0x22, 0x02, 
	0x03, 0x00, 0x40, 0x10, 0x00, 0x00, 0x00, 0x00, 0x6c, 0x06, 0x00, 0x0c, 0x25, 0x20, 0x00, 0x02, 
	0x18, 0x00, 0x02, 0x92, 0x00, 0x00, 0x00, 0x00, 0x0c, 0x00, 0x40, 0x14, 0x03, 0x00, 0x03, 0x24, 
	0x01, 0x00, 0x02, 0x24, 0x18, 0x00, 0x02, 0xa2, 0xf4, 0x01, 0x07, 0x24, 0x25, 0x30, 0x00, 0x02, 
	0x00, 0x00, 0x05, 0x3c, 0xf0, 0x11, 0xa5, 0x24, 0x6e, 0x05, 0x00, 0x0c, 0x30, 0x00, 0x04, 0x26, 
	0x04, 0x00, 0x10, 0x8e, 0xd6, 0xff, 0x00, 0x10, 0x01, 0x00, 0x52, 0x26, 0xfc, 0xff, 0x43, 0x14, 
	0x10, 0x00, 0x22, 0x32, 0xfa, 0xff, 0x40, 0x14, 0x42, 0x8a, 0x11, 0x00, 0x04, 0x00, 0x02, 0x24, 
	0x01, 0x00, 0x31, 0x32, 0x18, 0x00, 0x02, 0xa2, 0x1a, 0x00, 0x11, 0xa2, 0x25, 0x30, 0x00, 0x00, 
	0x25, 0x28, 0x00, 0x00, 0x46, 0x00, 0x00, 0x0c, 0x25, 0x20, 0x00, 0x02, 0xf0, 0xff, 0x40, 0x10, 
	0x00, 0x00, 0x00, 0x00, 0xef, 0x06, 0x00, 0x0c, 0x25, 0x20, 0x00, 0x02, 0xec, 0xff, 0x00, 0x10, 
	0x00, 0x00, 0x00, 0x00, 0x6c, 0x06, 0x00, 0x0c, 0x25, 0x20, 0x00, 0x02, 0xe8, 0xff, 0x00, 0x10, 
	0x00, 0x00, 0x00, 0x00, 0xe0, 0xff, 0xbd, 0x27, 0x18, 0x00, 0xb2, 0xaf, 0x00, 0x00, 0x12, 0x3c, 
	0x00, 0x47, 0x52, 0x26, 0x00, 0x00, 0x42, 0x8e, 0x10, 0x00, 0xb0, 0xaf, 0x0c, 0x00, 0x50, 0x8c, 
	0x10, 0x00, 0x43, 0x8c, 0x1c, 0x00, 0xbf, 0xaf, 0x24, 0x80, 0x03, 0x02, 0x01, 0x00, 0x03, 0x32, 
	0x05, 0x00, 0x60, 0x10, 0x14, 0x00, 0xb1, 0xaf, 0x01, 0x00, 0x03, 0x24, 0x0c, 0x00, 0x43, 0xac, 
	0xfe, 0xff, 0x03, 0x24, 0x24, 0x80, 0x03, 0x02, 0x04, 0x00, 0x43, 0x8e, 0x00, 0x00, 0x00, 0x00, 
	0x84, 0x00, 0x71, 0x8c, 0x00, 0x00, 0x00, 0x00, 0x10, 0x00, 0x24, 0x2e, 0x1b, 0x00, 0x80, 0x14, 
	0x00, 0x00, 0x00, 0x00, 0x84, 0x00, 0x60, 0xac, 0xf0, 0xff, 0x04, 0x24, 0x02, 0x00, 0x03, 0x24, 
	0x0c, 0x00, 0x43, 0xac, 0x24, 0x88, 0x24, 0x02, 0x25, 0x18, 0x00, 0x00, 0x08, 0x00, 0x22, 0x8e, 
	0x08, 0x00, 0x23, 0xae, 0x3c, 0x00, 0x40, 0x14, 0x25, 0x18, 0x20, 0x02, 0x10, 0x00, 0x42, 0x8e, 
	0x25, 0x20, 0x20, 0x02, 0x2b, 0x10, 0x82, 0x00, 0x08, 0x00, 0x31, 0x8e, 0x38, 0x00, 0x40, 0x14, 
	0x00, 0x00, 0x00, 0x00, 0x14, 0x00, 0x42, 0x8e, 0x00, 0x00, 0x00, 0x00, 0x2b, 0x10, 0x82, 0x00, 
	0x33, 0x00, 0x40, 0x10, 0x00, 0x00, 0x00, 0x00, 0x03, 0x0c, 0x00, 0x0c, 0x00, 0x00, 0x00, 0x00, 
	0xf2, 0xff, 0x20, 0x16, 0xfd, 0xff, 0x02, 0x24, 0x24, 0x80, 0x02, 0x02, 0x04, 0x00, 0x02, 0x32, 
	0x08, 0x00, 0x40, 0x10, 0x10, 0x00, 0x02, 0x32, 0x00, 0x00, 0x42, 0x8e, 0x04, 0x00, 0x03, 0x24, 
	0x90, 0x0c, 0x00, 0x0c, 0x0c, 0x00, 0x43, 0xac, 0xfb, 0xff, 0x02, 0x24, 0x24, 0x80, 0x02, 0x02, 
	0x10, 0x00, 0x02, 0x32, 0x0a, 0x00, 0x40, 0x10, 0x40, 0x00, 0x02, 0x32, 0x00, 0x00, 0x04, 0x3c, 
	0xbe, 0x10, 0x00, 0x0c, 0x50, 0x45, 0x84, 0x24, 0x00, 0x00, 0x42, 0x8e, 0x10, 0x00, 0x03, 0x24, 
	0x0c, 0x00, 0x43, 0xac, 0xef, 0xff, 0x02, 0x24, 0x24, 0x80, 0x02, 0x02, 0x40, 0x00, 0x02, 0x32, 
	0x08, 0x00, 0x40, 0x10, 0xff, 0x7f, 0x02, 0x3c, 0x00, 0x00, 0x42, 0x8e, 0x40, 0x00, 0x03, 0x24, 
	0x17, 0x01, 0x00, 0x0c, 0x0c, 0x00, 0x43, 0xac, 0xbf, 0xff, 0x02, 0x24, 0x24, 0x80, 0x02, 0x02, 
	0xff, 0x7f, 0x02, 0x3c, 0xff, 0xff, 0x42, 0x34, 0x24, 0x80, 0x02, 0x02, 0x04, 0x00, 0x00, 0x12, 
	0x00, 0x00, 0x00, 0x00, 0x00, 0x00, 0x42, 0x8e, 0x00, 0x00, 0x00, 0x00, 0x14, 0x00, 0x50, 0xac, 
	0x1c, 0x00, 0xbf, 0x8f, 0x18, 0x00, 0xb2, 0x8f, 0x14, 0x00, 0xb1, 0x8f, 0x10, 0x00, 0xb0, 0x8f, 
	0x08, 0x00, 0xe0, 0x03, 0x20, 0x00, 0xbd, 0x27, 0xc0, 0xff, 0x00, 0x10, 0x25, 0x88, 0x40, 0x00, 
	0x1c, 0x00, 0x42, 0x8e, 0x00, 0x00, 0x00, 0x00, 0x2b, 0x10, 0x82, 0x00, 0xcc, 0xff, 0x40, 0x14, 
	0x00, 0x00, 0x00, 0x00, 0x20, 0x00, 0x42, 0x8e, 0x00, 0x00, 0x00, 0x00, 0x2b, 0x10, 0x82, 0x00, 
	0xc7, 0xff, 0x40, 0x10, 0x00, 0x00, 0x00, 0x00, 0x77, 0x0b, 0x00, 0x0c, 0x00, 0x00, 0x00, 0x00, 
	0xc3, 0xff, 0x00, 0x10, 0x00, 0x00, 0x00, 0x00, 0xe0, 0xff, 0xbd, 0x27, 0x18, 0x00, 0xb0, 0xaf, 
	0x1c, 0x00, 0xbf, 0xaf, 0x00, 0x80, 0x10, 0x3c, 0x00, 0x00, 0x04, 0x3c, 0xe4, 0x46, 0x84, 0x8c, 
	0x10, 0x00, 0xa7, 0x27, 0x11, 0x00, 0x06, 0x24, 0x03, 0x11, 0x00, 0x0c, 0x01, 0x00, 0x05, 0x24, 
	0x50, 0x0b, 0x00, 0x0c, 0x00, 0x00, 0x00, 0x00, 0x65, 0x01, 0x00, 0x0c, 0x00, 0x00, 0x00, 0x00, 
	0xdf, 0x10, 0x00, 0x0c, 0x16, 0x00, 0x04, 0x24, 0x00, 0x00, 0x02, 0x3c, 0x00, 0x47, 0x42, 0x24, 
	0x00, 0x00, 0x43, 0x8c, 0x00, 0x00, 0x00, 0x00, 0x14, 0x00, 0x70, 0xac, 0xc0, 0xbf, 0x01, 0x3c, 
	0x00, 0x00, 0x20, 0x8c, 0x00, 0x00, 0x42, 0x8c, 0x00, 0x00, 0x00, 0x00, 0x10, 0x00, 0x50, 0xac, 
	0x54, 0x0b, 0x00, 0x0c, 0x00, 0x00, 0x00, 0x00, 0xe7, 0xff, 0x00, 0x10, 0x00, 0x00, 0x00, 0x00, 
	0x00, 0x00, 0x04, 0x3c, 0x00, 0x47, 0x84, 0x24, 0x00, 0x00, 0x82, 0x8c, 0xff, 0xff, 0x03, 0x24, 
	0x14, 0x00, 0x43, 0xac, 0x01, 0x00, 0x03, 0x24, 0x08, 0x00, 0x43, 0xac, 0x04, 0x00, 0x40, 0xac, 
	0xe9, 0x03, 0x03, 0x24, 0x00, 0x00, 0x82, 0x8c, 0x00, 0x00, 0x00, 0x00, 0x08, 0x00, 0x42, 0x8c, 
	0x00, 0x00, 0x00, 0x00, 0x01, 0x00, 0x42, 0x30, 0x0a, 0x00, 0x40, 0x14, 0xff, 0xff, 0x63, 0x24, 
	0x80, 0xbf, 0x02, 0x3c, 0x70, 0x15, 0x43, 0x8c, 0x00, 0x08, 0x04, 0x3c, 0x25, 0x18, 0x64, 0x00, 
	0x70, 0x15, 0x43, 0xac, 0x01, 0x00, 0x03, 0x24, 0x80, 0x16, 0x43, 0xac, 0x08, 0x00, 0xe0, 0x03, 
	0x25, 0x10, 0x00, 0x00, 0x05, 0x00, 0x60, 0x10, 0x00, 0x00, 0x00, 0x00, 0xc0, 0xbf, 0x01, 0x3c, 
	0x00, 0x00, 0x20, 0x8c, 0xeb, 0xff, 0x00, 0x10, 0x00, 0x00, 0x00, 0x00, 0x08, 0x00, 0xe0, 0x03, 
	0xff, 0xff, 0x02, 0x24, 0xd8, 0xff, 0xbd, 0x27, 0x80, 0xbf, 0x02, 0x3c, 0x00, 0x16, 0x42, 0x24, 
	0x18, 0x00, 0xb2, 0xaf, 0x10, 0x00, 0xb0, 0xaf, 0x00, 0x00, 0x12, 0x3c, 0x90, 0x46, 0x52, 0x26, 
	0x00, 0x00, 0x10, 0x3c, 0x00, 0x47, 0x10, 0x26, 0x24, 0x00, 0xbf, 0xaf, 0x20, 0x00, 0xb4, 0xaf, 
	0x1c, 0x00, 0xb3, 0xaf, 0x14, 0x00, 0xb1, 0xaf, 0xf0, 0x01, 0x00, 0x0c, 0x00, 0x00, 0x02, 0xae, 
	0x0c, 0x00, 0x45, 0x8e, 0x08, 0x00, 0x44, 0x8e, 0x00, 0x01, 0x02, 0x24, 0x04, 0x00, 0x46, 0x8e, 
	0x1c, 0x00, 0x02, 0xae, 0x40, 0x11, 0x05, 0x00, 0x00, 0x01, 0x42, 0x24, 0x00, 0x19, 0x04, 0x00, 
	0x20, 0x00, 0x02, 0xae, 0x10, 0x00, 0x02, 0xae, 0x21, 0x10, 0x43, 0x00, 0x80, 0x18, 0x06, 0x00, 
	0x21, 0x18, 0x66, 0x00, 0x00, 0x00, 0x46, 0x8e, 0x14, 0x00, 0x02, 0xae, 0x08, 0x00, 0x02, 0xae, 
	0x00, 0x19, 0x03, 0x00, 0x20, 0x04, 0x42, 0x24, 0x44, 0x00, 0x02, 0xae, 0x21, 0x10, 0x43, 0x00, 
	0xc0, 0x18, 0x06, 0x00, 0x10, 0x00, 0x47, 0x8e, 0x21, 0x18, 0x66, 0x00, 0x00, 0x19, 0x03, 0x00, 
	0x38, 0x00, 0x02, 0xae, 0x21, 0x10, 0x43, 0x00, 0xc0, 0x18, 0x07, 0x00, 0x23, 0x18, 0x67, 0x00, 
	0xc0, 0x18, 0x03, 0x00, 0x2c, 0x00, 0x02, 0xae, 0x80, 0x28, 0x05, 0x00, 0x21, 0x10, 0x43, 0x00, 
	0x28, 0x00, 0x02, 0xae, 0x80, 0x20, 0x04, 0x00, 0x21, 0x10, 0x45, 0x00, 0x21, 0x98, 0x44, 0x00, 
	0x24, 0x00, 0x02, 0xae, 0x14, 0x00, 0x42, 0x8e, 0x25, 0x20, 0x00, 0x00, 0x18, 0x00, 0xc2, 0x00, 
	0x25, 0x30, 0x00, 0x00, 0x00, 0x00, 0x01, 0x3c, 0x04, 0x47, 0x20, 0xac, 0x12, 0xa0, 0x00, 0x00, 
	0x21, 0xa0, 0x93, 0x02, 0xc7, 0x10, 0x00, 0x0c, 0x25, 0x28, 0x80, 0x02, 0x25, 0x20, 0x40, 0x00, 
	0x25, 0x28, 0x00, 0x00, 0x25, 0x30, 0x80, 0x02, 0xd2, 0x10, 0x00, 0x0c, 0x25, 0x88, 0x40, 0x00, 
	0x04, 0x00, 0x02, 0x8e, 0xff, 0x1f, 0x03, 0x3c, 0xff, 0xff, 0x63, 0x34, 0x21, 0x10, 0x51, 0x00, 
	0x24, 0x10, 0x43, 0x00, 0x00, 0xa0, 0x03, 0x3c, 0x25, 0x10, 0x43, 0x00, 0x04, 0x00, 0x02, 0xae, 
	0x1c, 0x00, 0x02, 0x8e, 0x44, 0x00, 0x04, 0x8e, 0x21, 0x10, 0x51, 0x00, 0x1c, 0x00, 0x02, 0xae, 
	0x20, 0x00, 0x02, 0x8e, 0x38, 0x00, 0x03, 0x8e, 0x21, 0x10, 0x51, 0x00, 0x20, 0x00, 0x02, 0xae, 
	0x10, 0x00, 0x02, 0x8e, 0x21, 0x20, 0x91, 0x00, 0x21, 0x10, 0x51, 0x00, 0x10, 0x00, 0x02, 0xae, 
	0x14, 0x00, 0x02, 0x8e, 0x21, 0x18, 0x71, 0x00, 0x21, 0x10, 0x51, 0x00, 0x14, 0x00, 0x02, 0xae, 
	0x08, 0x00, 0x02, 0x8e, 0x04, 0x00, 0x47, 0x8e, 0x21, 0x10, 0x51, 0x00, 0x08, 0x00, 0x02, 0xae, 
	0x2c, 0x00, 0x02, 0x8e, 0x44, 0x00, 0x04, 0xae, 0x21, 0x10, 0x51, 0x00, 0x2c, 0x00, 0x02, 0xae, 
	0x28, 0x00, 0x02, 0x8e, 0x38, 0x00, 0x03, 0xae, 0x21, 0x10, 0x51, 0x00, 0x28, 0x00, 0x02, 0xae, 
	0x24, 0x00, 0x02, 0x8e, 0x25, 0x28, 0x00, 0x00, 0x21, 0x10, 0x51, 0x00, 0x24, 0x00, 0x02, 0xae, 
	0x21, 0x10, 0x71, 0x02, 0x2a, 0x30, 0xa7, 0x00, 0x64, 0x00, 0xc0, 0x14, 0x00, 0x00, 0x00, 0x00, 
	0x00, 0x00, 0x46, 0x8e, 0x14, 0x00, 0x47, 0x8e, 0x00, 0x00, 0x01, 0x3c, 0x54, 0x47, 0x20, 0xac, 
	0x00, 0x00, 0x01, 0x3c, 0x50, 0x47, 0x20, 0xac, 0x00, 0x00, 0x01, 0x3c, 0x5c, 0x47, 0x20, 0xac, 
	0x00, 0x00, 0x01, 0x3c, 0x58, 0x47, 0x20, 0xac, 0x25, 0x20, 0x00, 0x00, 0x2a, 0x28, 0x86, 0x00, 
	0x62, 0x00, 0xa0, 0x14, 0x25, 0x28, 0x00, 0x00, 0x48, 0x0a, 0x00, 0x0c, 0x25, 0x20, 0x00, 0x00, 
	0x25, 0x20, 0x40, 0x00, 0x01, 0x00, 0x05, 0x24, 0x48, 0x0a, 0x00, 0x0c, 0x68, 0x00, 0x02, 0xae, 
	0x68, 0x00, 0x04, 0x8e, 0x48, 0x0a, 0x00, 0x0c, 0x02, 0x00, 0x05, 0x24, 0x2c, 0x00, 0x02, 0x8e, 
	0x10, 0x00, 0x45, 0x8e, 0x25, 0x18, 0x00, 0x00, 0x2a, 0x20, 0x65, 0x00, 0x63, 0x00, 0x80, 0x14, 
	0x25, 0x20, 0x00, 0x00, 0x10, 0x00, 0x02, 0x8e, 0x08, 0x00, 0x46, 0x8e, 0x0c, 0x00, 0x02, 0xae, 
	0xff, 0xff, 0xc5, 0x24, 0x25, 0x18, 0x40, 0x00, 0x2a, 0x38, 0x85, 0x00, 0x67, 0x00, 0xe0, 0x14, 
	0x00, 0x00, 0x00, 0x00, 0x02, 0x00, 0xc0, 0x18, 0x25, 0x18, 0x00, 0x00, 0x00, 0x19, 0x05, 0x00, 
	0x21, 0x10, 0x43, 0x00, 0x08, 0x00, 0x40, 0xac, 0x0c, 0x00, 0x46, 0x8e, 0x1c, 0x00, 0x02, 0x8e, 
	0xff, 0xff, 0xc5, 0x24, 0x18, 0x00, 0x02, 0xae, 0x25, 0x18, 0x40, 0x00, 0x25, 0x20, 0x00, 0x00, 
	0x2a, 0x38, 0x85, 0x00, 0x5d, 0x00, 0xe0, 0x14, 0x00, 0x00, 0x00, 0x00, 0x02, 0x00, 0xc0, 0x18, 
	0x25, 0x18, 0x00, 0x00, 0x40, 0x19, 0x05, 0x00, 0x08, 0x00, 0x05, 0x8e, 0x21, 0x10, 0x43, 0x00, 
	0x08, 0x00, 0x40, 0xac, 0x25, 0x30, 0xa0, 0x00, 0xe1, 0xff, 0x04, 0x24, 0x00, 0x40, 0x09, 0x24, 
	0xe1, 0xff, 0x0a, 0x24, 0x20, 0x00, 0x08, 0x24, 0x54, 0x00, 0x8a, 0x14, 0x00, 0x00, 0xc9, 0xa4, 
	0x0c, 0x00, 0xc0, 0xac, 0x01, 0x00, 0x84, 0x24, 0xfb, 0xff, 0x88, 0x14, 0x10, 0x00, 0xc6, 0x24, 
	0x00, 0x00, 0x02, 0x8e, 0x00, 0x40, 0x03, 0x24, 0xf0, 0x03, 0xa4, 0x24, 0xf0, 0x03, 0xa3, 0xa4, 
	0x20, 0x00, 0x44, 0xac, 0x00, 0x04, 0xa4, 0x24, 0x00, 0x04, 0xa3, 0xa4, 0x28, 0x00, 0x44, 0xac, 
	0x10, 0x04, 0xa3, 0xa4, 0x10, 0x04, 0xa3, 0x24, 0x0c, 0x00, 0xa3, 0xac, 0x78, 0x27, 0x03, 0x3c, 
	0xdf, 0x2e, 0x63, 0x24, 0x18, 0x00, 0x51, 0xac, 0x34, 0x00, 0x43, 0xac, 0x2f, 0x2a, 0x03, 0x24, 
	0x40, 0x00, 0x43, 0xac, 0x00, 0x80, 0x03, 0x3c, 0x24, 0x00, 0xbf, 0x8f, 0x53, 0x00, 0x63, 0x24, 
	0x10, 0x00, 0x43, 0xac, 0xbf, 0x00, 0x03, 0x24, 0x20, 0x00, 0xb4, 0x8f, 0x1c, 0x00, 0xb3, 0x8f, 
	0x18, 0x00, 0xb2, 0x8f, 0x14, 0x00, 0xb1, 0x8f, 0x10, 0x00, 0xb0, 0x8f, 0x04, 0x00, 0x43, 0xac, 
	0x25, 0x10, 0x00, 0x00, 0x08, 0x00, 0xe0, 0x03, 0x28, 0x00, 0xbd, 0x27, 0x4c, 0x00, 0x06, 0x8e, 
	0x00, 0x00, 0x85, 0xac, 0x08, 0x00, 0x80, 0xac, 0x06, 0x00, 0xc0, 0x10, 0x0c, 0x00, 0x86, 0xac, 
	0x08, 0x00, 0xc4, 0xac, 0x4c, 0x00, 0x04, 0xae, 0x01, 0x00, 0xa5, 0x24, 0x91, 0xff, 0x00, 0x10, 
	0x50, 0x00, 0x84, 0x24, 0xfb, 0xff, 0x00, 0x10, 0x48, 0x00, 0x04, 0xae, 0xff, 0x00, 0x85, 0x30, 
	0x19, 0x00, 0x64, 0xa0, 0x00, 0x00, 0x65, 0xac, 0x40, 0x00, 0x05, 0x8e, 0x04, 0x00, 0x60, 0xac, 
	0x08, 0x00, 0xa0, 0x10, 0x08, 0x00, 0x65, 0xac, 0x04, 0x00, 0xa3, 0xac, 0x84, 0x00, 0x62, 0xac, 
	0x40, 0x00, 0x03, 0xae, 0x21, 0x10, 0x47, 0x00, 0x90, 0x00, 0x63, 0x24, 0x8f, 0xff, 0x00, 0x10, 
	0x01, 0x00, 0x84, 0x24, 0xf9, 0xff, 0x00, 0x10, 0x3c, 0x00, 0x03, 0xae, 0x04, 0x00, 0x40, 0xac, 
	0x34, 0x00, 0x04, 0x8e, 0x00, 0x00, 0x00, 0x00, 0x06, 0x00, 0x80, 0x10, 0x08, 0x00, 0x44, 0xac, 
	0x04, 0x00, 0x82, 0xac, 0x34, 0x00, 0x02, 0xae, 0x01, 0x00, 0x63, 0x24, 0x92, 0xff, 0x00, 0x10, 
	0x38, 0x00, 0x42, 0x24, 0xfb, 0xff, 0x00, 0x10, 0x30, 0x00, 0x02, 0xae, 0x10, 0x00, 0x63, 0x24, 
	0xf8, 0xff, 0x63, 0xac, 0x94, 0xff, 0x00, 0x10, 0x01, 0x00, 0x84, 0x24, 0x20, 0x00, 0x63, 0x24, 
	0xe8, 0xff, 0x63, 0xac, 0x9e, 0xff, 0x00, 0x10, 0x01, 0x00, 0x84, 0x24, 0x1e, 0x00, 0x82, 0x24, 
	0x43, 0x10, 0x02, 0x00, 0x00, 0x11, 0x02, 0x00, 0x21, 0x10, 0xa2, 0x00, 0xa9, 0xff, 0x80, 0x04, 
	0x0c, 0x00, 0xc2, 0xac, 0x03, 0x39, 0x04, 0x00, 0x04, 0x00, 0x83, 0x30, 0x25, 0x18, 0x67, 0x00, 
	0x00, 0x39, 0x04, 0x00, 0x10, 0x00, 0xe7, 0x30, 0x25, 0x18, 0x67, 0x00, 0x80, 0x38, 0x04, 0x00, 
	0x83, 0x10, 0x04, 0x00, 0x08, 0x00, 0xe7, 0x30, 0x02, 0x00, 0x42, 0x30, 0x25, 0x18, 0x67, 0x00, 
	0x25, 0x10, 0x43, 0x00, 0x80, 0x10, 0x02, 0x00, 0x21, 0x10, 0x22, 0x02, 0x99, 0xff, 0x00, 0x10, 
	0x00, 0x00, 0x46, 0xac, 0xc0, 0xff, 0xbd, 0x27, 0x24, 0x00, 0xa4, 0x27, 0x3c, 0x00, 0xbf, 0xaf, 
	0x38, 0x00, 0xb0, 0xaf, 0x2c, 0x00, 0xa0, 0xaf, 0x28, 0x00, 0xa0, 0xaf, 0xfd, 0x10, 0x00, 0x0c, 
	0x24, 0x00, 0xa0, 0xaf, 0x30, 0x00, 0xa5, 0x27, 0x00, 0x00, 0x01, 0x3c, 0xe4, 0x46, 0x22, 0xac, 
	0xdd, 0x10, 0x00, 0x0c, 0x16, 0x00, 0x04, 0x24, 0x00, 0x00, 0x07, 0x3c, 0xe4, 0x46, 0xe7, 0x8c, 
	0x00, 0x00, 0x06, 0x3c, 0x00, 0x00, 0xc6, 0x24, 0x01, 0x00, 0x05, 0x24, 0xe1, 0x10, 0x00, 0x0c, 
	0x16, 0x00, 0x04, 0x24, 0x0d, 0x00, 0x40, 0x10, 0x25, 0x80, 0x40, 0x00, 0x30, 0x00, 0xa3, 0x8f, 
	0x16, 0x00, 0x02, 0x24, 0x04, 0x00, 0x62, 0x14, 0x01, 0x00, 0x10, 0x24, 0xdf, 0x10, 0x00, 0x0c, 
	0x16, 0x00, 0x04, 0x24, 0x01, 0x00, 0x10, 0x24, 0x3c, 0x00, 0xbf, 0x8f, 0x25, 0x10, 0x00, 0x02, 
	0x38, 0x00, 0xb0, 0x8f, 0x08, 0x00, 0xe0, 0x03, 0x40, 0x00, 0xbd, 0x27, 0x00, 0x02, 0x02, 0x3c, 
	0x10, 0x00, 0xa2, 0xaf, 0x00, 0x00, 0x02, 0x3c, 0x48, 0x07, 0x42, 0x24, 0x18, 0x00, 0xa2, 0xaf, 
	0x00, 0x40, 0x02, 0x24, 0x1c, 0x00, 0xa2, 0xaf, 0x00, 0x00, 0x02, 0x3c, 0xb0, 0x46, 0x42, 0x8c, 
	0x10, 0x00, 0xa4, 0x27, 0x14, 0x00, 0xa0, 0xaf, 0x0c, 0x11, 0x00, 0x0c, 0x20, 0x00, 0xa2, 0xaf, 
	0x00, 0x00, 0x05, 0x3c, 0xe4, 0x46, 0xa5, 0x8c, 0x00, 0x00, 0x01, 0x3c, 0xe0, 0x46, 0x22, 0xac, 
	0x0e, 0x11, 0x00, 0x0c, 0x25, 0x20, 0x40, 0x00, 0x91, 0x10, 0x00, 0x0c, 0x00, 0x00, 0x00, 0x00, 
	0x11, 0x02, 0x00, 0x0c, 0x00, 0x00, 0x00, 0x00, 0x0a, 0x04, 0x00, 0x0c, 0x00, 0x00, 0x00, 0x00, 
	0xdf, 0x10, 0x00, 0x0c, 0x16, 0x00, 0x04, 0x24, 0xdf, 0xff, 0x00, 0x10, 0x00, 0x00, 0x00, 0x00, 
	0xd0, 0xff, 0xbd, 0x27, 0x18, 0x00, 0x85, 0x8c, 0x00, 0x00, 0x02, 0x3c, 0x38, 0x19, 0x42, 0x24, 
	0x2c, 0x00, 0xbf, 0xaf, 0x20, 0x00, 0xa2, 0xaf, 0x1c, 0x00, 0xa0, 0xaf, 0x18, 0x00, 0xa0, 0xaf, 
	0x14, 0x00, 0xa0, 0xaf, 0x19, 0x00, 0xa2, 0x90, 0x05, 0x00, 0x07, 0x24, 0x10, 0x00, 0xa2, 0xaf, 
	0x25, 0x30, 0x00, 0x00, 0x07, 0x0f, 0x00, 0x0c, 0x48, 0x00, 0xa5, 0x24, 0x2c, 0x00, 0xbf, 0x8f, 
	0x00, 0x00, 0x00, 0x00, 0x08, 0x00, 0xe0, 0x03, 0x30, 0x00, 0xbd, 0x27, 0xd8, 0xff, 0xbd, 0x27, 
	0x1c, 0x00, 0xb3, 0xaf, 0x14, 0x00, 0xb1, 0xaf, 0x10, 0x00, 0xb0, 0xaf, 0x24, 0x00, 0xbf, 0xaf, 
	0x20, 0x00, 0xb4, 0xaf, 0x18, 0x00, 0xb2, 0xaf, 0x04, 0x00, 0x83, 0x90, 0x41, 0x00, 0x02, 0x24, 
	0x25, 0x80, 0x80, 0x00, 0x00, 0x00, 0x13, 0x3c, 0x90, 0x46, 0x73, 0x26, 0x22, 0x00, 0x62, 0x10, 
	0x25, 0x88, 0x00, 0x00, 0x08, 0x00, 0x62, 0x8e, 0x00, 0x00, 0x00, 0x00, 0x2a, 0x10, 0x22, 0x02, 
	0x3d, 0x00, 0x40, 0x14, 0x80, 0xa0, 0x11, 0x00, 0x44, 0x00, 0x04, 0x8e, 0x32, 0x0a, 0x00, 0x0c, 
	0x00, 0x00, 0x00, 0x00, 0x21, 0x00, 0x00, 0x10, 0x44, 0x00, 0x00, 0xae, 0x00, 0x00, 0x12, 0x3c, 
	0x00, 0x47, 0x52, 0x26, 0x28, 0x00, 0x42, 0x8e, 0x00, 0x00, 0x00, 0x00, 0x21, 0x10, 0x54, 0x00, 
	0x00, 0x00, 0x44, 0x8c, 0x00, 0x00, 0x00, 0x00, 0x0e, 0x00, 0x80, 0x10, 0x00, 0x00, 0x00, 0x00, 
	0x0c, 0x00, 0x82, 0x8c, 0x00, 0x00, 0x00, 0x00, 0x0a, 0x00, 0x50, 0x14, 0x00, 0x00, 0x00, 0x00, 
	0x22, 0x0b, 0x00, 0x0c, 0x00, 0x00, 0x00, 0x00, 0x28, 0x00, 0x42, 0x8e, 0x40, 0x21, 0x11, 0x00, 
	0x21, 0x10, 0x54, 0x00, 0x00, 0x00, 0x40, 0xac, 0x1c, 0x00, 0x42, 0x8e, 0x10, 0x0a, 0x00, 0x0c, 
	0x21, 0x20, 0x44, 0x00, 0x01, 0x00, 0x31, 0x26, 0x0c, 0x00, 0x62, 0x8e, 0x00, 0x00, 0x00, 0x00, 
	0x2a, 0x10, 0x22, 0x02, 0xe5, 0xff, 0x40, 0x14, 0x80, 0xa0, 0x11, 0x00, 0x44, 0x00, 0x04, 0x8e, 
	0x10, 0x0a, 0x00, 0x0c, 0x00, 0x00, 0x00, 0x00, 0x44, 0x00, 0x00, 0xae, 0x48, 0x00, 0x00, 0xae, 
	0x1c, 0x00, 0x04, 0x8e, 0x00, 0x00, 0x00, 0x00, 0x2b, 0x00, 0x80, 0x14, 0x00, 0x00, 0x00, 0x00, 
	0x28, 0x0d, 0x00, 0x0c, 0x25, 0x20, 0x00, 0x02, 0x00, 0x00, 0x02, 0x3c, 0x00, 0x47, 0x42, 0x24, 
	0x4c, 0x00, 0x43, 0x8c, 0x08, 0x00, 0x00, 0xae, 0x35, 0x00, 0x60, 0x10, 0x0c, 0x00, 0x03, 0xae, 
	0x08, 0x00, 0x70, 0xac, 0x24, 0x00, 0xbf, 0x8f, 0x20, 0x00, 0xb4, 0x8f, 0x1c, 0x00, 0xb3, 0x8f, 
	0x18, 0x00, 0xb2, 0x8f, 0x14, 0x00, 0xb1, 0x8f, 0x4c, 0x00, 0x50, 0xac, 0x10, 0x00, 0xb0, 0x8f, 
	0x08, 0x00, 0xe0, 0x03, 0x28, 0x00, 0xbd, 0x27, 0x00, 0x00, 0x12, 0x3c, 0x00, 0x47, 0x52, 0x26, 
	0x24, 0x00, 0x42, 0x8e, 0x00, 0x00, 0x00, 0x00, 0x21, 0x10, 0x54, 0x00, 0x00, 0x00, 0x44, 0x8c, 
	0x00, 0x00, 0x00, 0x00, 0x0e, 0x00, 0x80, 0x10, 0x00, 0x00, 0x00, 0x00, 0x0c, 0x00, 0x82, 0x8c, 
	0x00, 0x00, 0x00, 0x00, 0x0a, 0x00, 0x50, 0x14, 0x00, 0x00, 0x00, 0x00, 0x22, 0x0b, 0x00, 0x0c, 
	0x00, 0x00, 0x00, 0x00, 0x24, 0x00, 0x42, 0x8e, 0x00, 0x21, 0x11, 0x00, 0x21, 0x10, 0x54, 0x00, 
	0x00, 0x00, 0x40, 0xac, 0x10, 0x00, 0x42, 0x8e, 0x32, 0x0a, 0x00, 0x0c, 0x21, 0x20, 0x44, 0x00, 
	0xa8, 0xff, 0x00, 0x10, 0x01, 0x00, 0x31, 0x26, 0x04, 0x00, 0x82, 0x8c, 0x08, 0x00, 0x83, 0x8c, 
	0x0b, 0x00, 0x40, 0x10, 0x00, 0x00, 0x00, 0x00, 0x08, 0x00, 0x43, 0xac, 0x08, 0x00, 0x83, 0x8c, 
	0x00, 0x00, 0x00, 0x00, 0x08, 0x00, 0x60, 0x10, 0x00, 0x00, 0x00, 0x00, 0x04, 0x00, 0x62, 0xac, 
	0x22, 0x0b, 0x00, 0x0c, 0x00, 0x00, 0x00, 0x00, 0xc5, 0xff, 0x00, 0x10, 0x00, 0x00, 0x00, 0x00, 
	0xf6, 0xff, 0x00, 0x10, 0x20, 0x00, 0x03, 0xae, 0xf9, 0xff, 0x00, 0x10, 0x1c, 0x00, 0x02, 0xae, 
	0xcc, 0xff, 0x00, 0x10, 0x48, 0x00, 0x50, 0xac, 0xe8, 0xff, 0xbd, 0x27, 0x01, 0x00, 0x06, 0x24, 
	0x14, 0x00, 0xbf, 0xaf, 0xed, 0x00, 0x00, 0x0c, 0x25, 0x28, 0x00, 0x00, 0x25, 0x18, 0x40, 0x00, 
	0x09, 0x00, 0x60, 0x10, 0x25, 0x10, 0x00, 0x00, 0x04, 0x00, 0x65, 0x90, 0x09, 0x00, 0x04, 0x24, 
	0x05, 0x00, 0xa4, 0x14, 0x00, 0x00, 0x00, 0x00, 0x11, 0x00, 0x62, 0x90, 0x00, 0x00, 0x00, 0x00, 
	0x01, 0x00, 0x42, 0x38, 0x01, 0x00, 0x42, 0x2c, 0x14, 0x00, 0xbf, 0x8f, 0x00, 0x00, 0x00, 0x00, 
	0x08, 0x00, 0xe0, 0x03, 0x18, 0x00, 0xbd, 0x27, 0xe0, 0xff, 0xbd, 0x27, 0x14, 0x00, 0xb0, 0xaf, 
	0x00, 0x00, 0x10, 0x3c, 0x90, 0x46, 0x10, 0x26, 0x18, 0x00, 0x02, 0x8e, 0xa8, 0x00, 0x03, 0x24, 
	0x18, 0x00, 0x62, 0x00, 0x18, 0x00, 0xb1, 0xaf, 0x25, 0x20, 0x00, 0x00, 0x25, 0x30, 0x00, 0x00, 
	0x1c, 0x00, 0xbf, 0xaf, 0x12, 0x88, 0x00, 0x00, 0xc7, 0x10, 0x00, 0x0c, 0x25, 0x28, 0x20, 0x02, 
	0x25, 0x20, 0x40, 0x00, 0x00, 0x00, 0x01, 0x3c, 0xf0, 0x46, 0x22, 0xac, 0x17, 0x00, 0x80, 0x10, 
	0xff, 0xff, 0x02, 0x24, 0x25, 0x30, 0x20, 0x02, 0xd2, 0x10, 0x00, 0x0c, 0x25, 0x28, 0x00, 0x00, 
	0x18, 0x00, 0x06, 0x8e, 0x25, 0x20, 0x40, 0x00, 0xff, 0xff, 0xc5, 0x24, 0x25, 0x18, 0x00, 0x00, 
	0x2a, 0x38, 0x65, 0x00, 0x12, 0x00, 0xe0, 0x14, 0x00, 0x00, 0x00, 0x00, 0x04, 0x00, 0xc0, 0x18, 
	0x25, 0x10, 0x00, 0x00, 0xa8, 0x00, 0x02, 0x24, 0x18, 0x00, 0xa2, 0x00, 0x12, 0x10, 0x00, 0x00, 
	0x21, 0x20, 0x82, 0x00, 0x00, 0x00, 0x80, 0xac, 0x00, 0x00, 0x04, 0x3c, 0x60, 0x46, 0x84, 0x24, 
	0x99, 0x0f, 0x00, 0x0c, 0x25, 0x28, 0x00, 0x00, 0x25, 0x10, 0x00, 0x00, 0x1c, 0x00, 0xbf, 0x8f, 
	0x18, 0x00, 0xb1, 0x8f, 0x14, 0x00, 0xb0, 0x8f, 0x08, 0x00, 0xe0, 0x03, 0x20, 0x00, 0xbd, 0x27, 
	0xa8, 0x00, 0x42, 0x24, 0x58, 0xff, 0x42, 0xac, 0xe9, 0xff, 0x00, 0x10, 0x01, 0x00, 0x63, 0x24, 
	0x00, 0x00, 0x02, 0x3c, 0xf0, 0x46, 0x42, 0x8c, 0x00, 0x00, 0x00, 0x00, 0x07, 0x00, 0x40, 0x10, 
	0x00, 0x00, 0x00, 0x00, 0x00, 0x00, 0x43, 0x8c, 0x7d, 0x00, 0x40, 0xa0, 0x00, 0x00, 0x01, 0x3c, 
	0xf0, 0x46, 0x23, 0xac, 0x0c, 0x00, 0x40, 0xac, 0x44, 0x00, 0x40, 0xac, 0x08, 0x00, 0xe0, 0x03, 
	0x00, 0x00, 0x00, 0x00, 0x06, 0x00, 0x80, 0x10, 0x00, 0x00, 0x00, 0x00, 0x00, 0x00, 0x02, 0x3c, 
	0xf0, 0x46, 0x42, 0x8c, 0x00, 0x00, 0x01, 0x3c, 0xf0, 0x46, 0x24, 0xac, 0x00, 0x00, 0x82, 0xac, 
	0x08, 0x00, 0xe0, 0x03, 0x00, 0x00, 0x00, 0x00, 0xe8, 0xff, 0xbd, 0x27, 0x14, 0x00, 0xbf, 0xaf, 
	0xe2, 0x0a, 0x00, 0x0c, 0x00, 0x00, 0x00, 0x00, 0x25, 0x18, 0x40, 0x00, 0x05, 0x00, 0x60, 0x10, 
	0xff, 0xff, 0x02, 0x24, 0x2c, 0x00, 0x64, 0x8c, 0x49, 0x04, 0x00, 0x0c, 0x00, 0x00, 0x00, 0x00, 
	0x25, 0x10, 0x00, 0x00, 0x14, 0x00, 0xbf, 0x8f, 0x00, 0x00, 0x00, 0x00, 0x08, 0x00, 0xe0, 0x03, 
	0x18, 0x00, 0xbd, 0x27, 0x0c, 0x00, 0x82, 0x8c, 0x00, 0x00, 0x00, 0x00, 0x16, 0x00, 0x40, 0x14, 
	0x00, 0x00, 0x00, 0x00, 0xd0, 0xff, 0xbd, 0x27, 0x4c, 0x00, 0xa2, 0x8f, 0x10, 0x00, 0xa7, 0xaf, 
	0x20, 0x00, 0xa2, 0xaf, 0x48, 0x00, 0xa2, 0x8f, 0x25, 0x38, 0xc0, 0x00, 0x1c, 0x00, 0xa2, 0xaf, 
	0x44, 0x00, 0xa2, 0x97, 0x25, 0x30, 0xa0, 0x00, 0x18, 0x00, 0xa2, 0xaf, 0x40, 0x00, 0xa2, 0x97, 
	0x0c, 0x00, 0x85, 0x24, 0x14, 0x00, 0xa2, 0xaf, 0x04, 0x00, 0x84, 0x8c, 0x2c, 0x00, 0xbf, 0xaf, 
	0x07, 0x0f, 0x00, 0x0c, 0x00, 0x00, 0x00, 0x00, 0x2c, 0x00, 0xbf, 0x8f, 0x00, 0x00, 0x00, 0x00, 
	0x08, 0x00, 0xe0, 0x03, 0x30, 0x00, 0xbd, 0x27, 0x08, 0x00, 0xe0, 0x03, 0x00, 0x00, 0x00, 0x00, 
	0x00, 0x00, 0x03, 0x3c, 0x00, 0x47, 0x63, 0x24, 0x6c, 0x00, 0x62, 0x8c, 0x00, 0x00, 0x00, 0x00, 
	0x04, 0x00, 0x40, 0x10, 0x01, 0x00, 0x02, 0x24, 0x02, 0x00, 0x02, 0x24, 0x08, 0x00, 0xe0, 0x03, 
	0x18, 0x00, 0x82, 0xa0, 0x03, 0x00, 0x05, 0x24, 0x6c, 0x00, 0x62, 0xac, 0x18, 0x00, 0x85, 0xa0, 
	0x1b, 0x00, 0x82, 0xa0, 0x24, 0x00, 0x85, 0x8c, 0x28, 0x00, 0x82, 0x8c, 0x68, 0x00, 0x64, 0x8c, 
	0x00, 0x00, 0x00, 0x00, 0x08, 0x00, 0xa4, 0x14, 0x04, 0x00, 0x07, 0x24, 0x00, 0x00, 0x63, 0x8c, 
	0x13, 0x00, 0x42, 0x24, 0x80, 0x10, 0x02, 0x00, 0x21, 0x10, 0x62, 0x00, 0x10, 0x00, 0x03, 0x24, 
	0x08, 0x00, 0xe0, 0x03, 0x04, 0x00, 0x43, 0xac, 0x2c, 0x00, 0xa4, 0x8c, 0xd8, 0xff, 0xbd, 0x27, 
	0x00, 0x00, 0x03, 0x3c, 0x60, 0x21, 0x63, 0x24, 0x24, 0x00, 0xbf, 0xaf, 0x94, 0x00, 0x82, 0xac, 
	0xff, 0xff, 0x42, 0x30, 0x1c, 0x00, 0xa3, 0xaf, 0x18, 0x00, 0xa0, 0xaf, 0x14, 0x00, 0xa0, 0xaf, 
	0x10, 0x00, 0xa2, 0xaf, 0x03, 0x00, 0x06, 0x24, 0x61, 0x04, 0x00, 0x0c, 0x23, 0x00, 0x05, 0x24, 
	0x24, 0x00, 0xbf, 0x8f, 0x00, 0x00, 0x00, 0x00, 0x08, 0x00, 0xe0, 0x03, 0x28, 0x00, 0xbd, 0x27, 
	0x24, 0x00, 0x82, 0x8c, 0x00, 0x00, 0x00, 0x00, 0x1a, 0x00, 0x40, 0x14, 0x00, 0x00, 0x00, 0x00, 
	0x34, 0x00, 0x84, 0x8c, 0x00, 0x00, 0x03, 0x3c, 0xac, 0x46, 0x63, 0x8c, 0x7e, 0x00, 0x82, 0x90, 
	0x00, 0x00, 0x00, 0x00, 0x2a, 0x10, 0x62, 0x00, 0x12, 0x00, 0x40, 0x14, 0x25, 0x38, 0x00, 0x00, 
	0xd8, 0xff, 0xbd, 0x27, 0x00, 0x00, 0x02, 0x3c, 0x84, 0x20, 0x42, 0x24, 0x1c, 0x00, 0xa2, 0xaf, 
	0x98, 0x00, 0x82, 0x24, 0x18, 0x00, 0xa2, 0xaf, 0x04, 0x00, 0x02, 0x24, 0x14, 0x00, 0xa2, 0xaf, 
	0x10, 0x00, 0xa0, 0xaf, 0x25, 0x30, 0x00, 0x00, 0x24, 0x00, 0xbf, 0xaf, 0x61, 0x04, 0x00, 0x0c, 
	0xa0, 0x00, 0x05, 0x24, 0x24, 0x00, 0xbf, 0x8f, 0x00, 0x00, 0x00, 0x00, 0x08, 0x00, 0xe0, 0x03, 
	0x28, 0x00, 0xbd, 0x27, 0x08, 0x00, 0xe0, 0x03, 0x00, 0x00, 0x00, 0x00, 0x24, 0x00, 0x83, 0x8c, 
	0x00, 0x00, 0x00, 0x00, 0x1b, 0x00, 0x60, 0x14, 0x29, 0x00, 0x03, 0x24, 0x34, 0x00, 0x82, 0x8c, 
	0x00, 0x00, 0x00, 0x00, 0x7d, 0x00, 0x45, 0x90, 0x00, 0x00, 0x00, 0x00, 0x03, 0x00, 0xa3, 0x14, 
	0x00, 0x29, 0x07, 0x24, 0xa8, 0x04, 0x00, 0x08, 0x00, 0x00, 0x00, 0x00, 0xd8, 0xff, 0xbd, 0x27, 
	0x00, 0x00, 0x03, 0x3c, 0xa0, 0x12, 0x63, 0x24, 0x1c, 0x00, 0xa3, 0xaf, 0x7c, 0x00, 0x43, 0x24, 
	0x18, 0x00, 0xa3, 0xaf, 0x0f, 0x00, 0x03, 0x24, 0x14, 0x00, 0xa3, 0xaf, 0x10, 0x00, 0xa0, 0xaf, 
	0x06, 0x00, 0x06, 0x24, 0xa0, 0x00, 0x05, 0x24, 0x24, 0x00, 0xbf, 0xaf, 0x61, 0x04, 0x00, 0x0c, 
	0x25, 0x20, 0x40, 0x00, 0x24, 0x00, 0xbf, 0x8f, 0x00, 0x00, 0x00, 0x00, 0x08, 0x00, 0xe0, 0x03, 
	0x28, 0x00, 0xbd, 0x27, 0x08, 0x00, 0xe0, 0x03, 0x00, 0x00, 0x00, 0x00, 0xc8, 0xff, 0xbd, 0x27, 
	0x2c, 0x00, 0xb3, 0xaf, 0x20, 0x00, 0xb0, 0xaf, 0x34, 0x00, 0xbf, 0xaf, 0x30, 0x00, 0xb4, 0xaf, 
	0x28, 0x00, 0xb2, 0xaf, 0x24, 0x00, 0xb1, 0xaf, 0xe2, 0x0a, 0x00, 0x0c, 0x25, 0x80, 0x80, 0x00, 
	0x25, 0x98, 0x40, 0x00, 0x39, 0x00, 0x60, 0x12, 0xff, 0xff, 0x02, 0x24, 0x02, 0x00, 0x06, 0x24, 
	0x25, 0x28, 0x00, 0x00, 0xed, 0x00, 0x00, 0x0c, 0x25, 0x20, 0x00, 0x02, 0x25, 0x90, 0x40, 0x00, 
	0x32, 0x00, 0x40, 0x12, 0xfe, 0xff, 0x02, 0x24, 0x04, 0x00, 0x51, 0x92, 0x01, 0x00, 0x03, 0x24, 
	0x2e, 0x00, 0x23, 0x16, 0x25, 0x28, 0x40, 0x02, 0x04, 0x00, 0x06, 0x24, 0xed, 0x00, 0x00, 0x0c, 
	0x25, 0x20, 0x00, 0x02, 0x25, 0x28, 0x40, 0x00, 0x28, 0x00, 0xa0, 0x10, 0xfd, 0xff, 0x02, 0x24, 
	0x04, 0x00, 0xa3, 0x90, 0x00, 0x00, 0x00, 0x00, 0x24, 0x00, 0x71, 0x14, 0x05, 0x00, 0x06, 0x24, 
	0xed, 0x00, 0x00, 0x0c, 0x25, 0x20, 0x00, 0x02, 0x25, 0x88, 0x40, 0x00, 0x1f, 0x00, 0x20, 0x12, 
	0xfc, 0xff, 0x02, 0x24, 0x02, 0x00, 0x23, 0x82, 0x00, 0x00, 0x00, 0x00, 0x1b, 0x00, 0x61, 0x04, 
	0xfb, 0xff, 0x02, 0x24, 0x03, 0x00, 0x23, 0x92, 0x03, 0x00, 0x04, 0x24, 0x03, 0x00, 0x63, 0x30, 
	0x16, 0x00, 0x64, 0x14, 0xfa, 0xff, 0x02, 0x24, 0x25, 0x20, 0x00, 0x02, 0x29, 0x00, 0x06, 0x24, 
	0xed, 0x00, 0x00, 0x0c, 0x25, 0x28, 0x20, 0x02, 0x3c, 0x04, 0x00, 0x0c, 0x25, 0xa0, 0x40, 0x00, 
	0x25, 0x80, 0x40, 0x00, 0x0d, 0x00, 0x00, 0x12, 0xf8, 0xff, 0x02, 0x24, 0x0c, 0x00, 0x62, 0x8e, 
	0x2c, 0x00, 0x70, 0xae, 0x25, 0x30, 0x00, 0x00, 0x04, 0x00, 0x02, 0xae, 0x25, 0x28, 0x20, 0x02, 
	0xd5, 0x00, 0x00, 0x0c, 0x25, 0x20, 0x60, 0x02, 0x0c, 0x00, 0x40, 0x14, 0x08, 0x00, 0x02, 0xae, 
	0x49, 0x04, 0x00, 0x0c, 0x25, 0x20, 0x00, 0x02, 0xf7, 0xff, 0x02, 0x24, 0x34, 0x00, 0xbf, 0x8f, 
	0x30, 0x00, 0xb4, 0x8f, 0x2c, 0x00, 0xb3, 0x8f, 0x28, 0x00, 0xb2, 0x8f, 0x24, 0x00, 0xb1, 0x8f, 
	0x20, 0x00, 0xb0, 0x8f, 0x08, 0x00, 0xe0, 0x03, 0x38, 0x00, 0xbd, 0x27, 0x40, 0x00, 0x10, 0xae, 
	0x78, 0x00, 0x10, 0xae, 0x18, 0x00, 0x80, 0x12, 0x7c, 0x00, 0x04, 0x26, 0x00, 0x00, 0x86, 0x92, 
	0x00, 0x00, 0x00, 0x00, 0xff, 0x00, 0xc2, 0x30, 0x10, 0x00, 0x42, 0x2c, 0x03, 0x00, 0x40, 0x14, 
	0xff, 0x00, 0xc6, 0x30, 0x0f, 0x00, 0x06, 0x24, 0xff, 0x00, 0xc6, 0x30, 0xd0, 0x10, 0x00, 0x0c, 
	0x25, 0x28, 0x80, 0x02, 0x05, 0x00, 0x47, 0x92, 0x00, 0x00, 0x02, 0x3c, 0x1c, 0x13, 0x42, 0x24, 
	0x1c, 0x00, 0xa2, 0xaf, 0x18, 0x00, 0xa0, 0xaf, 0x14, 0x00, 0xa0, 0xaf, 0x10, 0x00, 0xa0, 0xaf, 
	0x09, 0x00, 0x06, 0x24, 0x25, 0x28, 0x00, 0x00, 0x61, 0x04, 0x00, 0x0c, 0x25, 0x20, 0x00, 0x02, 
	0xde, 0xff, 0x00, 0x10, 0x25, 0x10, 0x00, 0x00, 0x0f, 0x00, 0x06, 0x24, 0xd2, 0x10, 0x00, 0x0c, 
	0x25, 0x28, 0x00, 0x00, 0xef, 0xff, 0x00, 0x10, 0x00, 0x00, 0x00, 0x00, 0x00, 0x00, 0x83, 0x8c, 
	0x00, 0x00, 0x00, 0x00, 0x0f, 0x00, 0x60, 0x10, 0xff, 0xff, 0x02, 0x24, 0x08, 0x00, 0x82, 0x8c, 
	0x04, 0x00, 0x83, 0x8c, 0x0d, 0x00, 0x40, 0x10, 0x00, 0x00, 0x00, 0x00, 0x04, 0x00, 0x43, 0xac, 
	0x04, 0x00, 0x83, 0x8c, 0x00, 0x00, 0x00, 0x00, 0x0b, 0x00, 0x60, 0x10, 0x00, 0x00, 0x00, 0x00, 
	0x08, 0x00, 0x62, 0xac, 0x08, 0x00, 0x80, 0xac, 0x04, 0x00, 0x80, 0xac, 0x00, 0x00, 0x80, 0xac, 
	0x25, 0x10, 0x00, 0x00, 0x08, 0x00, 0xe0, 0x03, 0x00, 0x00, 0x00, 0x00, 0x00, 0x00, 0x01, 0x3c, 
	0xf3, 0xff, 0x00, 0x10, 0x64, 0x47, 0x23, 0xac, 0x00, 0x00, 0x01, 0x3c, 0x60, 0x47, 0x22, 0xac, 
	0xf5, 0xff, 0x00, 0x10, 0x08, 0x00, 0x80, 0xac, 0x00, 0x00, 0x83, 0x8c, 0x00, 0x00, 0x00, 0x00, 
	0x1d, 0x00, 0x60, 0x14, 0xff, 0xff, 0x02, 0x24, 0x01, 0x00, 0x02, 0x24, 0x00, 0x00, 0x03, 0x3c, 
	0x00, 0x47, 0x63, 0x24, 0x00, 0x00, 0x82, 0xac, 0x60, 0x00, 0x62, 0x8c, 0x0c, 0x00, 0x85, 0xac, 
	0x10, 0x00, 0x86, 0xac, 0x1b, 0x00, 0x40, 0x10, 0x00, 0x00, 0x00, 0x00, 0x14, 0x00, 0x45, 0x8c, 
	0x00, 0x00, 0x00, 0x00, 0x2b, 0x30, 0xa7, 0x00, 0x11, 0x00, 0xc0, 0x14, 0x00, 0x00, 0x00, 0x00, 
	0x04, 0x00, 0x46, 0x8c, 0x00, 0x00, 0x00, 0x00, 0x10, 0x00, 0xc0, 0x10, 0x04, 0x00, 0x86, 0xac, 
	0x08, 0x00, 0xc4, 0xac, 0x23, 0x28, 0xa7, 0x00, 0x08, 0x00, 0x82, 0xac, 0x04, 0x00, 0x44, 0xac, 
	0x14, 0x00, 0x45, 0xac, 0x00, 0x00, 0x62, 0x8c, 0x04, 0x00, 0x03, 0x24, 0x14, 0x00, 0x87, 0xac, 
	0x10, 0x00, 0x43, 0xac, 0x25, 0x10, 0x00, 0x00, 0x08, 0x00, 0xe0, 0x03, 0x00, 0x00, 0x00, 0x00, 
	0x08, 0x00, 0x42, 0x8c, 0xe7, 0xff, 0x00, 0x10, 0x23, 0x38, 0xe5, 0x00, 0xf1, 0xff, 0x00, 0x10, 
	0x60, 0x00, 0x64, 0xac, 0x64, 0x00, 0x62, 0x8c, 0x00, 0x00, 0x00, 0x00, 0x05, 0x00, 0x40, 0x10, 
	0x04, 0x00, 0x82, 0xac, 0x08, 0x00, 0x44, 0xac, 0x64, 0x00, 0x64, 0xac, 0xed, 0xff, 0x00, 0x10, 
	0x08, 0x00, 0x80, 0xac, 0xfc, 0xff, 0x00, 0x10, 0x60, 0x00, 0x64, 0xac, 0x40, 0x00, 0xa2, 0x94, 
	0xe0, 0xff, 0xbd, 0x27, 0x00, 0x40, 0x42, 0x34, 0x18, 0x00, 0xb1, 0xaf, 0x14, 0x00, 0xb0, 0xaf, 
	0x1c, 0x00, 0xbf, 0xaf, 0x25, 0x80, 0xa0, 0x00, 0x40, 0x00, 0xa2, 0xa4, 0x25, 0x88, 0x80, 0x00, 
	0x04, 0x00, 0x04, 0x92, 0xab, 0x0a, 0x00, 0x0c, 0x40, 0x00, 0xa5, 0x24, 0x08, 0x00, 0x02, 0x8e, 
	0x0c, 0x00, 0x03, 0x8e, 0x14, 0x00, 0x40, 0x10, 0x00, 0x00, 0x00, 0x00, 0x0c, 0x00, 0x43, 0xac, 
	0x0c, 0x00, 0x03, 0x8e, 0x00, 0x00, 0x00, 0x00, 0x11, 0x00, 0x60, 0x10, 0x00, 0x00, 0x00, 0x00, 
	0x08, 0x00, 0x62, 0xac, 0x18, 0x00, 0x00, 0xae, 0x25, 0x30, 0x00, 0x02, 0x28, 0x00, 0x04, 0x26, 
	0x00, 0x00, 0x05, 0x3c, 0xec, 0x0d, 0xa5, 0x24, 0x6e, 0x05, 0x00, 0x0c, 0xc8, 0x00, 0x07, 0x24, 
	0x1c, 0x00, 0xbf, 0x8f, 0x18, 0x00, 0xb1, 0x8f, 0x14, 0x00, 0xb0, 0x8f, 0x25, 0x10, 0x00, 0x00, 
	0x08, 0x00, 0xe0, 0x03, 0x20, 0x00, 0xbd, 0x27, 0xed, 0xff, 0x00, 0x10, 0x10, 0x00, 0x23, 0xae, 
	0xf0, 0xff, 0x00, 0x10, 0x0c, 0x00, 0x22, 0xae, 0xe0, 0xff, 0xbd, 0x27, 0x10, 0x00, 0xb0, 0xaf, 
	0x1c, 0x00, 0x90, 0x8c, 0x18, 0x00, 0xb2, 0xaf, 0x14, 0x00, 0xb1, 0xaf, 0x1c, 0x00, 0xbf, 0xaf, 
	0x02, 0x00, 0x11, 0x24, 0x05, 0x00, 0x12, 0x24, 0x08, 0x00, 0x00, 0x12, 0x25, 0x10, 0x00, 0x00, 
	0x18, 0x00, 0x02, 0x92, 0x00, 0x00, 0x00, 0x00, 0x0a, 0x00, 0x51, 0x14, 0x00, 0x00, 0x00, 0x00, 
	0x7c, 0x04, 0x00, 0x0c, 0x25, 0x20, 0x00, 0x02, 0x01, 0x00, 0x02, 0x24, 0x1c, 0x00, 0xbf, 0x8f, 
	0x18, 0x00, 0xb2, 0x8f, 0x14, 0x00, 0xb1, 0x8f, 0x10, 0x00, 0xb0, 0x8f, 0x08, 0x00, 0xe0, 0x03, 
	0x20, 0x00, 0xbd, 0x27, 0x04, 0x00, 0x52, 0x10, 0x00, 0x00, 0x00, 0x00, 0x04, 0x00, 0x10, 0x8e, 
	0xed, 0xff, 0x00, 0x10, 0x00, 0x00, 0x00, 0x00, 0x1c, 0x00, 0x02, 0x8e, 0x00, 0x00, 0x00, 0x00, 
	0xfa, 0xff, 0x40, 0x10, 0x00, 0x00, 0x00, 0x00, 0xc6, 0x05, 0x00, 0x0c, 0x25, 0x20, 0x00, 0x02, 
	0xf6, 0xff, 0x40, 0x10, 0x01, 0x00, 0x02, 0x24, 0xec, 0xff, 0x00, 0x10, 0x00, 0x00, 0x00, 0x00, 
	0xe8, 0xff, 0xbd, 0x27, 0x00, 0x00, 0x02, 0x3c, 0x00, 0x47, 0x42, 0x24, 0x14, 0x00, 0xbf, 0xaf, 
	0x6c, 0x00, 0x40, 0xac, 0x1b, 0x00, 0x80, 0xa0, 0x68, 0x00, 0x44, 0x8c, 0xc6, 0x05, 0x00, 0x0c, 
	0x00, 0x00, 0x00, 0x00, 0x14, 0x00, 0xbf, 0x8f, 0x25, 0x10, 0x00, 0x00, 0x08, 0x00, 0xe0, 0x03, 
	0x18, 0x00, 0xbd, 0x27, 0xe8, 0xff, 0xbd, 0x27, 0x10, 0x00, 0xb0, 0xaf, 0x14, 0x00, 0xbf, 0xaf, 
	0x9f, 0x05, 0x00, 0x0c, 0x25, 0x80, 0x80, 0x00, 0xec, 0x05, 0x00, 0x0c, 0x25, 0x20, 0x00, 0x02, 
	0x14, 0x00, 0xbf, 0x8f, 0x25, 0x20, 0x00, 0x02, 0x10, 0x00, 0xb0, 0x8f, 0x7c, 0x04, 0x00, 0x08, 
	0x18, 0x00, 0xbd, 0x27, 0x0c, 0x00, 0x88, 0x8c, 0x25, 0x18, 0x80, 0x00, 0x24, 0x00, 0x63, 0x8c, 
	0x18, 0x00, 0x04, 0x8d, 0x00, 0x00, 0x00, 0x00, 0x8c, 0x00, 0x82, 0x8c, 0x03, 0x00, 0x60, 0x10, 
	0x01, 0x00, 0x43, 0x24, 0x3c, 0x00, 0x40, 0x14, 0x00, 0x00, 0x00, 0x00, 0x01, 0x00, 0x45, 0x30, 
	0x42, 0x10, 0x02, 0x00, 0x8c, 0x00, 0x83, 0xac, 0x88, 0x00, 0x83, 0x8c, 0x2c, 0x00, 0x40, 0x10, 
	0x00, 0x00, 0x00, 0x00, 0x2c, 0x00, 0xa0, 0x14, 0x00, 0x00, 0x00, 0x00, 0x03, 0x00, 0x65, 0x90, 
	0x02, 0x00, 0x66, 0x90, 0x00, 0x2a, 0x05, 0x00, 0x25, 0x28, 0xa6, 0x00, 0x21, 0x18, 0x65, 0x00, 
	0x88, 0x00, 0x83, 0xac, 0x04, 0x00, 0x03, 0x24, 0x88, 0x00, 0x87, 0x8c, 0x84, 0x00, 0x89, 0x8c, 
	0x00, 0x00, 0x06, 0x3c, 0xa4, 0x46, 0xc6, 0x8c, 0x21, 0x28, 0xe3, 0x00, 0x21, 0x30, 0x26, 0x01, 
	0x2b, 0x28, 0xc5, 0x00, 0x26, 0x00, 0xa0, 0x14, 0x00, 0x00, 0x00, 0x00, 0x11, 0x00, 0x25, 0x91, 
	0x00, 0x00, 0x00, 0x00, 0x2b, 0x28, 0x45, 0x00, 0x1d, 0x00, 0xa0, 0x10, 0x00, 0x00, 0x00, 0x00, 
	0x00, 0x02, 0x42, 0x34, 0xd0, 0xff, 0xbd, 0x27, 0x00, 0x00, 0x05, 0x3c, 0x14, 0x18, 0xa5, 0x24, 
	0xff, 0xff, 0x42, 0x30, 0x80, 0x00, 0x06, 0x24, 0x20, 0x00, 0xa5, 0xaf, 0x1c, 0x00, 0xa7, 0xaf, 
	0x18, 0x00, 0xa3, 0xaf, 0x14, 0x00, 0xa0, 0xaf, 0x10, 0x00, 0xa2, 0xaf, 0x48, 0x00, 0x85, 0x24, 
	0x06, 0x00, 0x07, 0x24, 0x2c, 0x00, 0xbf, 0xaf, 0x07, 0x0f, 0x00, 0x0c, 0x25, 0x20, 0x00, 0x01, 
	0x2c, 0x00, 0xbf, 0x8f, 0x00, 0x00, 0x00, 0x00, 0x08, 0x00, 0xe0, 0x03, 0x30, 0x00, 0xbd, 0x27, 
	0xdc, 0xff, 0xa0, 0x10, 0x00, 0x00, 0x00, 0x00, 0x02, 0x00, 0x65, 0x90, 0x03, 0x00, 0x63, 0x90, 
	0x00, 0x00, 0x00, 0x00, 0x00, 0x1a, 0x03, 0x00, 0xd7, 0xff, 0x00, 0x10, 0x25, 0x18, 0x65, 0x00, 
	0x49, 0x10, 0x00, 0x08, 0x00, 0x00, 0x00, 0x00, 0xf9, 0x05, 0x00, 0x08, 0x25, 0x28, 0x00, 0x01, 
	0x08, 0x00, 0xe0, 0x03, 0x00, 0x00, 0x00, 0x00, 0x25, 0x30, 0x80, 0x00, 0x0c, 0x00, 0x85, 0x8c, 
	0x24, 0x00, 0xc2, 0x8c, 0x05, 0x00, 0x03, 0x24, 0x18, 0x00, 0xa4, 0x8c, 0x0e, 0x00, 0x43, 0x14, 
	0x00, 0x00, 0x00, 0x00, 0x80, 0x00, 0x87, 0x8c, 0x00, 0x00, 0x00, 0x00, 0x40, 0x38, 0x07, 0x00, 
	0x01, 0x05, 0xe2, 0x2c, 0x06, 0x00, 0x40, 0x10, 0x80, 0x00, 0x87, 0xac, 0x25, 0x30, 0xa0, 0x00, 
	0x00, 0x00, 0x05, 0x3c, 0xa0, 0x0d, 0xa5, 0x24, 0x6e, 0x05, 0x00, 0x08, 0x30, 0x00, 0x84, 0x24, 
	0xf9, 0x05, 0x00, 0x08, 0x00, 0x00, 0x00, 0x00, 0x19, 0x00, 0x82, 0x90, 0x40, 0x00, 0xa7, 0x94, 
	0x7f, 0x00, 0x42, 0x30, 0x25, 0x10, 0x47, 0x00, 0x40, 0x00, 0xa2, 0xa4, 0x0a, 0x00, 0x07, 0x24, 
	0x00, 0x00, 0x05, 0x3c, 0x8c, 0x1b, 0xa5, 0x24, 0xf3, 0xff, 0x00, 0x10, 0x18, 0x00, 0x83, 0xa0, 
	0xe0, 0xff, 0xbd, 0x27, 0x14, 0x00, 0xb0, 0xaf, 0x1c, 0x00, 0xbf, 0xaf, 0x18, 0x00, 0xb1, 0xaf, 
	0x18, 0x00, 0x82, 0x90, 0x00, 0x00, 0x00, 0x00, 0x1b, 0x00, 0x40, 0x10, 0x25, 0x80, 0x80, 0x00, 
	0x14, 0x00, 0x82, 0x8c, 0x00, 0x00, 0x00, 0x00, 0x07, 0x00, 0x40, 0x10, 0x18, 0x00, 0x80, 0xa0, 
	0x00, 0x00, 0x85, 0x8c, 0x2c, 0x00, 0x46, 0x8c, 0x14, 0x00, 0x44, 0x8c, 0x55, 0x0f, 0x00, 0x0c, 
	0x00, 0x00, 0x00, 0x00, 0x14, 0x00, 0x00, 0xae, 0x30, 0x00, 0x02, 0x8e, 0x00, 0x00, 0x00, 0x00, 
	0x03, 0x00, 0x40, 0x10, 0x00, 0x00, 0x00, 0x00, 0x53, 0x05, 0x00, 0x0c, 0x30, 0x00, 0x04, 0x26, 
	0x0c, 0x00, 0x05, 0x8e, 0x00, 0x00, 0x00, 0x00, 0x10, 0x00, 0xa0, 0x14, 0x00, 0x00, 0x00, 0x00, 
	0x1c, 0x00, 0x11, 0x8e, 0x00, 0x00, 0x00, 0x00, 0x10, 0x00, 0x20, 0x16, 0x00, 0x00, 0x00, 0x00, 
	0x48, 0x00, 0x00, 0xae, 0x2c, 0x00, 0x00, 0xae, 0x1b, 0x00, 0x02, 0x92, 0x00, 0x00, 0x00, 0x00, 
	0x1e, 0x00, 0x40, 0x10, 0x25, 0x20, 0x00, 0x02, 0x1c, 0x00, 0xbf, 0x8f, 0x18, 0x00, 0xb1, 0x8f, 
	0x14, 0x00, 0xb0, 0x8f, 0xec, 0x05, 0x00, 0x08, 0x20, 0x00, 0xbd, 0x27, 0x9f, 0x05, 0x00, 0x0c, 
	0x25, 0x20, 0x00, 0x02, 0xea, 0xff, 0x00, 0x10, 0x00, 0x00, 0x00, 0x00, 0x04, 0x00, 0x22, 0x8e, 
	0x08, 0x00, 0x23, 0x8e, 0x0d, 0x00, 0x40, 0x10, 0x00, 0x00, 0x00, 0x00, 0x08, 0x00, 0x43, 0xac, 
	0x08, 0x00, 0x23, 0x8e, 0x00, 0x00, 0x00, 0x00, 0x0a, 0x00, 0x60, 0x10, 0x00, 0x00, 0x00, 0x00, 
	0x04, 0x00, 0x62, 0xac, 0x6c, 0x06, 0x00, 0x0c, 0x25, 0x20, 0x20, 0x02, 0x75, 0x0a, 0x00, 0x0c, 
	0x25, 0x20, 0x20, 0x02, 0xde, 0xff, 0x00, 0x10, 0x00, 0x00, 0x00, 0x00, 0xf4, 0xff, 0x00, 0x10, 
	0x20, 0x00, 0x03, 0xae, 0xf7, 0xff, 0x00, 0x10, 0x1c, 0x00, 0x02, 0xae, 0x1c, 0x00, 0xbf, 0x8f, 
	0x18, 0x00, 0xb1, 0x8f, 0x14, 0x00, 0xb0, 0x8f, 0x08, 0x00, 0xe0, 0x03, 0x20, 0x00, 0xbd, 0x27, 
	0x0c, 0x00, 0x84, 0x8c, 0xd0, 0xff, 0xbd, 0x27, 0x18, 0x00, 0x82, 0x8c, 0x00, 0x00, 0x06, 0x3c, 
	0x28, 0x1b, 0xc6, 0x24, 0x84, 0x00, 0x43, 0x8c, 0x2c, 0x00, 0xbf, 0xaf, 0x88, 0x00, 0x43, 0xac, 
	0x1c, 0x00, 0xa3, 0xaf, 0x00, 0x01, 0x03, 0x24, 0x20, 0x00, 0xa6, 0xaf, 0x18, 0x00, 0xa5, 0xaf, 
	0x14, 0x00, 0xa0, 0xaf, 0x10, 0x00, 0xa3, 0xaf, 0x06, 0x00, 0x07, 0x24, 0x80, 0x00, 0x06, 0x24, 
	0x07, 0x0f, 0x00, 0x0c, 0x48, 0x00, 0x45, 0x24, 0x2c, 0x00, 0xbf, 0x8f, 0x00, 0x00, 0x00, 0x00, 
	0x08, 0x00, 0xe0, 0x03, 0x30, 0x00, 0xbd, 0x27, 0x0c, 0x00, 0x85, 0x8c, 0x24, 0x00, 0x86, 0x8c, 
	0x18, 0x00, 0xa2, 0x8c, 0x13, 0x00, 0xc0, 0x14, 0x00, 0x00, 0x00, 0x00, 0x28, 0x00, 0x83, 0x8c, 
	0x00, 0x00, 0x00, 0x00, 0x12, 0x00, 0x63, 0x2c, 0x09, 0x00, 0x60, 0x10, 0x00, 0x00, 0x00, 0x00, 
	0x84, 0x00, 0x42, 0x8c, 0x42, 0x00, 0xa3, 0x94, 0x07, 0x00, 0x42, 0x90, 0x00, 0xf8, 0x63, 0x30, 
	0x25, 0x10, 0x62, 0x00, 0x42, 0x00, 0xa2, 0xa4, 0xb4, 0x06, 0x00, 0x08, 0x12, 0x00, 0x05, 0x24, 
	0x88, 0x00, 0x43, 0x8c, 0x8c, 0x00, 0x40, 0xac, 0x12, 0x00, 0x63, 0x24, 0x05, 0x06, 0x00, 0x08, 
	0x88, 0x00, 0x43, 0xac, 0xf9, 0x05, 0x00, 0x08, 0x25, 0x20, 0x40, 0x00, 0xe8, 0xff, 0xbd, 0x27, 
	0x08, 0x00, 0x05, 0x24, 0x10, 0x00, 0xb0, 0xaf, 0x14, 0x00, 0xbf, 0xaf, 0xb4, 0x06, 0x00, 0x0c, 
	0x25, 0x80, 0x80, 0x00, 0x0c, 0x00, 0x02, 0x8e, 0x14, 0x00, 0xbf, 0x8f, 0x10, 0x00, 0xb0, 0x8f, 
	0x18, 0x00, 0x44, 0x8c, 0xec, 0x05, 0x00, 0x08, 0x18, 0x00, 0xbd, 0x27, 0xe8, 0xff, 0xbd, 0x27, 
	0x0c, 0x00, 0x86, 0x8c, 0x14, 0x00, 0x02, 0x24, 0x14, 0x00, 0x07, 0x24, 0x14, 0x00, 0xbf, 0xaf, 
	0x00, 0x00, 0x05, 0x3c, 0xa0, 0x0d, 0xa5, 0x24, 0x80, 0x00, 0x82, 0xac, 0x6e, 0x05, 0x00, 0x0c, 
	0x30, 0x00, 0x84, 0x24, 0x14, 0x00, 0xbf, 0x8f, 0x25, 0x10, 0x00, 0x00, 0x08, 0x00, 0xe0, 0x03, 
	0x18, 0x00, 0xbd, 0x27, 0x44, 0x00, 0x82, 0x8c, 0x00, 0x00, 0x00, 0x00, 0x11, 0x00, 0x40, 0x14, 
	0xa0, 0x00, 0x86, 0x24, 0x8c, 0x00, 0x87, 0x8c, 0xe0, 0xff, 0xbd, 0x27, 0x00, 0x00, 0x02, 0x3c, 
	0x4c, 0x1c, 0x42, 0x24, 0x08, 0x00, 0xe7, 0x24, 0x10, 0x00, 0xa2, 0xaf, 0x44, 0x00, 0x85, 0x24, 
	0xc2, 0x38, 0x07, 0x00, 0x08, 0x00, 0x84, 0x8c, 0x1c, 0x00, 0xbf, 0xaf, 0xe5, 0x0e, 0x00, 0x0c, 
	0xff, 0xff, 0xe7, 0x30, 0x1c, 0x00, 0xbf, 0x8f, 0x00, 0x00, 0x00, 0x00, 0x08, 0x00, 0xe0, 0x03, 
	0x20, 0x00, 0xbd, 0x27, 0x08, 0x00, 0xe0, 0x03, 0x00, 0x00, 0x00, 0x00, 0x24, 0x00, 0x82, 0x8c, 
	0x00, 0x00, 0x00, 0x00, 0x4a, 0x00, 0x40, 0x14, 0x00, 0x00, 0x00, 0x00, 0xd8, 0xff, 0xbd, 0x27, 
	0x34, 0x00, 0x84, 0x8c, 0x24, 0x00, 0xbf, 0xaf, 0xa0, 0x00, 0x82, 0x90, 0x00, 0x00, 0x00, 0x00, 
	0x01, 0x00, 0x43, 0x30, 0x13, 0x00, 0x60, 0x10, 0xfe, 0x00, 0x42, 0x30, 0xa0, 0x00, 0x82, 0xa0, 
	0x00, 0x00, 0x02, 0x3c, 0x88, 0x1d, 0x42, 0x24, 0x1c, 0x00, 0xa2, 0xaf, 0x98, 0x00, 0x82, 0x24, 
	0x18, 0x00, 0xa2, 0xaf, 0x04, 0x00, 0x02, 0x24, 0x14, 0x00, 0xa2, 0xaf, 0x10, 0x00, 0xa0, 0xaf, 
	0x25, 0x38, 0x00, 0x00, 0x25, 0x30, 0x00, 0x00, 0xa0, 0x00, 0x05, 0x24, 0x61, 0x04, 0x00, 0x0c, 
	0x00, 0x00, 0x00, 0x00, 0x24, 0x00, 0xbf, 0x8f, 0x00, 0x00, 0x00, 0x00, 0x08, 0x00, 0xe0, 0x03, 
	0x28, 0x00, 0xbd, 0x27, 0x94, 0x00, 0x82, 0x8c, 0x00, 0x00, 0x00, 0x00, 0x09, 0x00, 0x40, 0x14, 
	0xc3, 0x28, 0x02, 0x00, 0x8c, 0x00, 0x88, 0x8c, 0x01, 0x00, 0x02, 0x24, 0x2b, 0x18, 0x02, 0x01, 
	0x1d, 0x00, 0x60, 0x10, 0x07, 0x00, 0x47, 0x30, 0x24, 0x00, 0xbf, 0x8f, 0xfd, 0x06, 0x00, 0x08, 
	0x28, 0x00, 0xbd, 0x27, 0x21, 0x28, 0x85, 0x00, 0xa0, 0x00, 0xa6, 0x90, 0x07, 0x00, 0x47, 0x30, 
	0x06, 0x18, 0xe6, 0x00, 0x01, 0x00, 0x63, 0x30, 0xf7, 0xff, 0x60, 0x10, 0x01, 0x00, 0x03, 0x24, 
	0x04, 0x18, 0xe3, 0x00, 0x27, 0x18, 0x03, 0x00, 0x24, 0x30, 0xc3, 0x00, 0x00, 0x00, 0x03, 0x3c, 
	0x40, 0x1e, 0x63, 0x24, 0xa0, 0x00, 0xa6, 0xa0, 0x90, 0x00, 0x82, 0xac, 0x1c, 0x00, 0xa3, 0xaf, 
	0x9c, 0x00, 0x83, 0x24, 0x18, 0x00, 0xa3, 0xaf, 0xff, 0xff, 0x42, 0x30, 0x04, 0x00, 0x03, 0x24, 
	0x14, 0x00, 0xa3, 0xaf, 0x10, 0x00, 0xa2, 0xaf, 0x25, 0x38, 0x00, 0x00, 0x25, 0x30, 0x00, 0x00, 
	0xd6, 0xff, 0x00, 0x10, 0xa3, 0x00, 0x05, 0x24, 0xc3, 0x28, 0x02, 0x00, 0x21, 0x28, 0x85, 0x00, 
	0xa0, 0x00, 0xa6, 0x90, 0x00, 0x00, 0x00, 0x00, 0x06, 0x18, 0xe6, 0x00, 0x01, 0x00, 0x63, 0x30, 
	0xe7, 0xff, 0x60, 0x14, 0x01, 0x00, 0x03, 0x24, 0xd8, 0xff, 0x00, 0x10, 0x01, 0x00, 0x42, 0x24, 
	0x08, 0x00, 0xe0, 0x03, 0x00, 0x00, 0x00, 0x00, 0x24, 0x00, 0x82, 0x8c, 0x00, 0x00, 0x00, 0x00, 
	0x29, 0x00, 0x40, 0x14, 0x00, 0x00, 0x00, 0x00, 0x34, 0x00, 0x84, 0x8c, 0xd8, 0xff, 0xbd, 0x27, 
	0x9a, 0x00, 0x82, 0x94, 0x00, 0x00, 0x00, 0x00, 0x01, 0x00, 0x43, 0x30, 0x11, 0x00, 0x60, 0x10, 
	0x24, 0x00, 0xbf, 0xaf, 0xfe, 0xff, 0x42, 0x30, 0x9a, 0x00, 0x82, 0xa4, 0x00, 0x00, 0x02, 0x3c, 
	0x88, 0x1d, 0x42, 0x24, 0x1c, 0x00, 0xa2, 0xaf, 0x18, 0x00, 0xa0, 0xaf, 0x14, 0x00, 0xa0, 0xaf, 
	0x10, 0x00, 0xa0, 0xaf, 0x25, 0x38, 0x00, 0x00, 0x01, 0x00, 0x06, 0x24, 0x61, 0x04, 0x00, 0x0c, 
	0x20, 0x00, 0x05, 0x24, 0x24, 0x00, 0xbf, 0x8f, 0x00, 0x00, 0x00, 0x00, 0x08, 0x00, 0xe0, 0x03, 
	0x28, 0x00, 0xbd, 0x27, 0x02, 0x00, 0x43, 0x30, 0x0b, 0x00, 0x60, 0x10, 0x00, 0x00, 0x00, 0x00, 
	0xfd, 0xff, 0x42, 0x30, 0x9a, 0x00, 0x82, 0xa4, 0x00, 0x00, 0x02, 0x3c, 0x88, 0x1d, 0x42, 0x24, 
	0x1c, 0x00, 0xa2, 0xaf, 0x18, 0x00, 0xa0, 0xaf, 0x14, 0x00, 0xa0, 0xaf, 0x10, 0x00, 0xa0, 0xaf, 
	0xed, 0xff, 0x00, 0x10, 0x01, 0x00, 0x07, 0x24, 0x24, 0x00, 0xbf, 0x8f, 0x44, 0x00, 0x84, 0x24, 
	0x13, 0x07, 0x00, 0x08, 0x28, 0x00, 0xbd, 0x27, 0x08, 0x00, 0xe0, 0x03, 0x00, 0x00, 0x00, 0x00, 
	0x24, 0x00, 0x82, 0x8c, 0x00, 0x00, 0x00, 0x00, 0x69, 0x00, 0x40, 0x14, 0x00, 0x00, 0x00, 0x00, 
	0xd0, 0xff, 0xbd, 0x27, 0x28, 0x00, 0xb0, 0xaf, 0x34, 0x00, 0x90, 0x8c, 0x01, 0x00, 0x02, 0x3c, 
	0x9c, 0x00, 0x03, 0x8e, 0x90, 0x00, 0x05, 0x8e, 0x24, 0x10, 0x62, 0x00, 0x1c, 0x00, 0x40, 0x14, 
	0x2c, 0x00, 0xbf, 0xaf, 0x02, 0x00, 0x02, 0x3c, 0x24, 0x10, 0x62, 0x00, 0x19, 0x00, 0x40, 0x14, 
	0x11, 0x00, 0x07, 0x24, 0x04, 0x00, 0x02, 0x3c, 0x24, 0x10, 0x62, 0x00, 0x15, 0x00, 0x40, 0x14, 
	0x12, 0x00, 0x07, 0x24, 0x08, 0x00, 0x02, 0x3c, 0x24, 0x10, 0x62, 0x00, 0x27, 0x00, 0x40, 0x14, 
	0x10, 0x00, 0x02, 0x3c, 0x24, 0x10, 0x62, 0x00, 0x0e, 0x00, 0x40, 0x14, 0x14, 0x00, 0x07, 0x24, 
	0x04, 0x00, 0x02, 0x8e, 0x00, 0x00, 0x00, 0x00, 0x18, 0x00, 0x44, 0x8c, 0x97, 0x0a, 0x00, 0x0c, 
	0x00, 0x00, 0x00, 0x00, 0x1f, 0x00, 0x40, 0x14, 0x25, 0x20, 0x40, 0x00, 0x2c, 0x00, 0xbf, 0x8f, 
	0x44, 0x00, 0x04, 0x26, 0x28, 0x00, 0xb0, 0x8f, 0x13, 0x07, 0x00, 0x08, 0x30, 0x00, 0xbd, 0x27, 
	0x10, 0x00, 0x07, 0x24, 0x01, 0x00, 0x02, 0x24, 0x04, 0x10, 0xe2, 0x00, 0x27, 0x10, 0x02, 0x00, 
	0x24, 0x10, 0x43, 0x00, 0x9c, 0x00, 0x02, 0xae, 0xff, 0xff, 0xa5, 0x30, 0x00, 0x00, 0x02, 0x3c, 
	0x40, 0x1e, 0x42, 0x24, 0x10, 0x00, 0xa5, 0xaf, 0x1c, 0x00, 0xa2, 0xaf, 0x18, 0x00, 0xa0, 0xaf, 
	0x14, 0x00, 0xa0, 0xaf, 0x25, 0x20, 0x00, 0x02, 0x01, 0x00, 0x06, 0x24, 0x61, 0x04, 0x00, 0x0c, 
	0x23, 0x00, 0x05, 0x24, 0x2c, 0x00, 0xbf, 0x8f, 0x28, 0x00, 0xb0, 0x8f, 0x08, 0x00, 0xe0, 0x03, 
	0x30, 0x00, 0xbd, 0x27, 0xeb, 0xff, 0x00, 0x10, 0x12, 0x00, 0x07, 0x24, 0xe9, 0xff, 0x00, 0x10, 
	0x13, 0x00, 0x07, 0x24, 0x9c, 0x00, 0x02, 0x8e, 0x00, 0x00, 0x00, 0x00, 0x01, 0x00, 0x43, 0x30, 
	0x23, 0x00, 0x60, 0x10, 0x00, 0x00, 0x00, 0x00, 0x18, 0x00, 0x83, 0x90, 0x00, 0x00, 0x00, 0x00, 
	0x0c, 0x00, 0x60, 0x14, 0x03, 0x00, 0x05, 0x24, 0x01, 0x00, 0x02, 0x24, 0x18, 0x00, 0x82, 0xa0, 
	0x2c, 0x00, 0xbf, 0x8f, 0x28, 0x00, 0xb0, 0x8f, 0x25, 0x30, 0x80, 0x00, 0xf4, 0x01, 0x07, 0x24, 
	0x00, 0x00, 0x05, 0x3c, 0xf0, 0x11, 0xa5, 0x24, 0x30, 0x00, 0x84, 0x24, 0x6e, 0x05, 0x00, 0x08, 
	0x30, 0x00, 0xbd, 0x27, 0xcd, 0xff, 0x65, 0x14, 0x02, 0x00, 0x43, 0x30, 0xcb, 0xff, 0x60, 0x10, 
	0x42, 0x12, 0x02, 0x00, 0x04, 0x00, 0x03, 0x24, 0x01, 0x00, 0x42, 0x30, 0x18, 0x00, 0x83, 0xa0, 
	0x1a, 0x00, 0x82, 0xa0, 0x25, 0x30, 0x00, 0x00, 0x25, 0x28, 0x00, 0x00, 0x46, 0x00, 0x00, 0x0c, 
	0x20, 0x00, 0xa4, 0xaf, 0x04, 0x00, 0x40, 0x10, 0x00, 0x00, 0x00, 0x00, 0x20, 0x00, 0xa4, 0x8f, 
	0xef, 0x06, 0x00, 0x0c, 0x00, 0x00, 0x00, 0x00, 0xbc, 0xff, 0x00, 0x10, 0x94, 0x00, 0x00, 0xae, 
	0x6c, 0x06, 0x00, 0x0c, 0x00, 0x00, 0x00, 0x00, 0xb8, 0xff, 0x00, 0x10, 0x00, 0x00, 0x00, 0x00, 
	0x08, 0x00, 0xe0, 0x03, 0x00, 0x00, 0x00, 0x00, 0x25, 0x18, 0x80, 0x00, 0x24, 0x00, 0x63, 0x8c, 
	0x34, 0x00, 0x84, 0x8c, 0x00, 0x00, 0x00, 0x00, 0x90, 0x00, 0x82, 0x8c, 0x03, 0x00, 0x60, 0x10, 
	0x00, 0x00, 0x00, 0x00, 0x19, 0x00, 0x40, 0x14, 0x00, 0x00, 0x00, 0x00, 0x8c, 0x00, 0x83, 0x8c, 
	0x01, 0x00, 0x42, 0x24, 0x2b, 0x18, 0x62, 0x00, 0x12, 0x00, 0x60, 0x14, 0x90, 0x00, 0x82, 0xac, 
	0xd8, 0xff, 0xbd, 0x27, 0x00, 0x00, 0x03, 0x3c, 0xf8, 0x1f, 0x63, 0x24, 0xff, 0xff, 0x42, 0x30, 
	0x08, 0x00, 0x07, 0x24, 0x1c, 0x00, 0xa3, 0xaf, 0x18, 0x00, 0xa0, 0xaf, 0x14, 0x00, 0xa0, 0xaf, 
	0x10, 0x00, 0xa2, 0xaf, 0x03, 0x00, 0x06, 0x24, 0x24, 0x00, 0xbf, 0xaf, 0x61, 0x04, 0x00, 0x0c, 
	0x23, 0x00, 0x05, 0x24, 0x24, 0x00, 0xbf, 0x8f, 0x00, 0x00, 0x00, 0x00, 0x08, 0x00, 0xe0, 0x03, 
	0x28, 0x00, 0xbd, 0x27, 0xfd, 0x06, 0x00, 0x08, 0x00, 0x00, 0x00, 0x00, 0x08, 0x00, 0xe0, 0x03, 
	0x00, 0x00, 0x00, 0x00, 0x24, 0x00, 0x82, 0x8c, 0x00, 0x00, 0x00, 0x00, 0x32, 0x00, 0x40, 0x14, 
	0x00, 0x00, 0x00, 0x00, 0xd8, 0xff, 0xbd, 0x27, 0x10, 0x00, 0xb0, 0xaf, 0x34, 0x00, 0x90, 0x8c, 
	0x20, 0x00, 0xb4, 0xaf, 0x04, 0x00, 0x02, 0x8e, 0x18, 0x00, 0xb2, 0xaf, 0x14, 0x00, 0xb1, 0xaf, 
	0x24, 0x00, 0xbf, 0xaf, 0x1c, 0x00, 0xb3, 0xaf, 0x18, 0x00, 0x54, 0x8c, 0x7e, 0x00, 0x02, 0x92, 
	0x25, 0x88, 0x80, 0x00, 0x94, 0x00, 0x00, 0xae, 0x90, 0x00, 0x00, 0xae, 0x8c, 0x00, 0x02, 0xae, 
	0x25, 0x90, 0x00, 0x00, 0x7e, 0x00, 0x02, 0x92, 0x00, 0x00, 0x00, 0x00, 0x2a, 0x10, 0x42, 0x02, 
	0x07, 0x00, 0x40, 0x10, 0x01, 0x00, 0x53, 0x26, 0x25, 0x28, 0x60, 0x02, 0x48, 0x0a, 0x00, 0x0c, 
	0x25, 0x20, 0x80, 0x02, 0x0e, 0x00, 0x40, 0x14, 0x00, 0x00, 0x00, 0x00, 0x8c, 0x00, 0x12, 0xae, 
	0x8c, 0x00, 0x02, 0x8e, 0x00, 0x00, 0x00, 0x00, 0x0b, 0x00, 0x40, 0x10, 0x25, 0x20, 0x20, 0x02, 
	0x24, 0x00, 0xbf, 0x8f, 0x20, 0x00, 0xb4, 0x8f, 0x1c, 0x00, 0xb3, 0x8f, 0x18, 0x00, 0xb2, 0x8f, 
	0x10, 0x00, 0xb0, 0x8f, 0x14, 0x00, 0xb1, 0x8f, 0xfe, 0x07, 0x00, 0x08, 0x28, 0x00, 0xbd, 0x27, 
	0xe8, 0xff, 0x00, 0x10, 0x25, 0x90, 0x60, 0x02, 0x24, 0x00, 0xbf, 0x8f, 0x20, 0x00, 0xb4, 0x8f, 
	0x1c, 0x00, 0xb3, 0x8f, 0x18, 0x00, 0xb2, 0x8f, 0x14, 0x00, 0xb1, 0x8f, 0x10, 0x00, 0xb0, 0x8f, 
	0x08, 0x00, 0xe0, 0x03, 0x28, 0x00, 0xbd, 0x27, 0x08, 0x00, 0xe0, 0x03, 0x00, 0x00, 0x00, 0x00, 
	0x24, 0x00, 0x82, 0x8c, 0x00, 0x00, 0x00, 0x00, 0x04, 0x00, 0x40, 0x14, 0x00, 0x00, 0x00, 0x00, 
	0x34, 0x00, 0x84, 0x8c, 0xfd, 0x06, 0x00, 0x08, 0x00, 0x00, 0x00, 0x00, 0x08, 0x00, 0xe0, 0x03, 
	0x00, 0x00, 0x00, 0x00, 0x00, 0x00, 0x00, 0x00, 0x00, 0x00, 0x00, 0x00, 0x00, 0x00, 0x00, 0x00, 
	0xe0, 0xff, 0xbd, 0x27, 0x18, 0x00, 0xb1, 0xaf, 0x14, 0x00, 0xb0, 0xaf, 0x1c, 0x00, 0xbf, 0xaf, 
	0x50, 0x0b, 0x00, 0x0c, 0x25, 0x88, 0x80, 0x00, 0x06, 0x00, 0x40, 0x14, 0x05, 0x01, 0x10, 0x24, 
	0x25, 0x28, 0x00, 0x00, 0x99, 0x0f, 0x00, 0x0c, 0x25, 0x20, 0x20, 0x02, 0x54, 0x0b, 0x00, 0x0c, 
	0x25, 0x80, 0x40, 0x00, 0x1c, 0x00, 0xbf, 0x8f, 0x18, 0x00, 0xb1, 0x8f, 0x25, 0x10, 0x00, 0x02, 
	0x14, 0x00, 0xb0, 0x8f, 0x08, 0x00, 0xe0, 0x03, 0x20, 0x00, 0xbd, 0x27, 0xe0, 0xff, 0xbd, 0x27, 
	0x18, 0x00, 0xb1, 0xaf, 0x14, 0x00, 0xb0, 0xaf, 0x1c, 0x00, 0xbf, 0xaf, 0x50, 0x0b, 0x00, 0x0c, 
	0x25, 0x88, 0x80, 0x00, 0x06, 0x00, 0x40, 0x14, 0x05, 0x01, 0x10, 0x24, 0x25, 0x28, 0x00, 0x00, 
	0xcd, 0x0f, 0x00, 0x0c, 0x25, 0x20, 0x20, 0x02, 0x54, 0x0b, 0x00, 0x0c, 0x25, 0x80, 0x40, 0x00, 
	0x1c, 0x00, 0xbf, 0x8f, 0x18, 0x00, 0xb1, 0x8f, 0x25, 0x10, 0x00, 0x02, 0x14, 0x00, 0xb0, 0x8f, 
	0x08, 0x00, 0xe0, 0x03, 0x20, 0x00, 0xbd, 0x27, 0xe0, 0xff, 0xbd, 0x27, 0x18, 0x00, 0xb1, 0xaf, 
	0x14, 0x00, 0xb0, 0xaf, 0x1c, 0x00, 0xbf, 0xaf, 0x50, 0x0b, 0x00, 0x0c, 0x25, 0x88, 0x80, 0x00, 
	0x05, 0x00, 0x40, 0x14, 0x05, 0x01, 0x10, 0x24, 0x24, 0x10, 0x00, 0x0c, 0x25, 0x20, 0x20, 0x02, 
	0x54, 0x0b, 0x00, 0x0c, 0x25, 0x80, 0x40, 0x00, 0x1c, 0x00, 0xbf, 0x8f, 0x18, 0x00, 0xb1, 0x8f, 
	0x25, 0x10, 0x00, 0x02, 0x14, 0x00, 0xb0, 0x8f, 0x08, 0x00, 0xe0, 0x03, 0x20, 0x00, 0xbd, 0x27, 
	0xe8, 0xff, 0xbd, 0x27, 0x10, 0x00, 0xb0, 0xaf, 0x14, 0x00, 0xbf, 0xaf, 0x50, 0x0b, 0x00, 0x0c, 
	0x05, 0x01, 0x10, 0x24, 0x05, 0x00, 0x40, 0x14, 0x00, 0x00, 0x00, 0x00, 0x20, 0x10, 0x00, 0x0c, 
	0x00, 0x00, 0x00, 0x00, 0x54, 0x0b, 0x00, 0x0c, 0x25, 0x80, 0x40, 0x00, 0x14, 0x00, 0xbf, 0x8f, 
	0x25, 0x10, 0x00, 0x02, 0x10, 0x00, 0xb0, 0x8f, 0x08, 0x00, 0xe0, 0x03, 0x18, 0x00, 0xbd, 0x27, 
	0xd8, 0xff, 0xbd, 0x27, 0x20, 0x00, 0xb3, 0xaf, 0x1c, 0x00, 0xb2, 0xaf, 0x18, 0x00, 0xb1, 0xaf, 
	0x14, 0x00, 0xb0, 0xaf, 0x24, 0x00, 0xbf, 0xaf, 0x25, 0x88, 0x80, 0x00, 0x25, 0x90, 0xa0, 0x00, 
	0x50, 0x0b, 0x00, 0x0c, 0x25, 0x98, 0xc0, 0x00, 0x07, 0x00, 0x40, 0x14, 0x25, 0x80, 0x00, 0x00, 
	0x25, 0x30, 0x60, 0x02, 0x25, 0x28, 0x40, 0x02, 0xed, 0x00, 0x00, 0x0c, 0x25, 0x20, 0x20, 0x02, 
	0x54, 0x0b, 0x00, 0x0c, 0x25, 0x80, 0x40, 0x00, 0x24, 0x00, 0xbf, 0x8f, 0x20, 0x00, 0xb3, 0x8f, 
	0x1c, 0x00, 0xb2, 0x8f, 0x18, 0x00, 0xb1, 0x8f, 0x25, 0x10, 0x00, 0x02, 0x14, 0x00, 0xb0, 0x8f, 
	0x08, 0x00, 0xe0, 0x03, 0x28, 0x00, 0xbd, 0x27, 0xe0, 0xff, 0xbd, 0x27, 0x18, 0x00, 0xb2, 0xaf, 
	0x14, 0x00, 0xb1, 0xaf, 0x10, 0x00, 0xb0, 0xaf, 0x1c, 0x00, 0xbf, 0xaf, 0x25, 0x90, 0x80, 0x00, 
	0x50, 0x0b, 0x00, 0x0c, 0x25, 0x88, 0xa0, 0x00, 0x0b, 0x00, 0x40, 0x14, 0x05, 0x01, 0x10, 0x24, 
	0xe2, 0x0a, 0x00, 0x0c, 0x25, 0x20, 0x40, 0x02, 0x25, 0x20, 0x40, 0x00, 0x04, 0x00, 0x40, 0x10, 
	0x01, 0x01, 0x10, 0x24, 0x58, 0x0b, 0x00, 0x0c, 0x25, 0x28, 0x20, 0x02, 0x25, 0x80, 0x40, 0x00, 
	0x54, 0x0b, 0x00, 0x0c, 0x00, 0x00, 0x00, 0x00, 0x1c, 0x00, 0xbf, 0x8f, 0x18, 0x00, 0xb2, 0x8f, 
	0x14, 0x00, 0xb1, 0x8f, 0x25, 0x10, 0x00, 0x02, 0x10, 0x00, 0xb0, 0x8f, 0x08, 0x00, 0xe0, 0x03, 
	0x20, 0x00, 0xbd, 0x27, 0xe0, 0xff, 0xbd, 0x27, 0x18, 0x00, 0xb2, 0xaf, 0x14, 0x00, 0xb1, 0xaf, 
	0x10, 0x00, 0xb0, 0xaf, 0x1c, 0x00, 0xbf, 0xaf, 0x25, 0x90, 0x80, 0x00, 0x50, 0x0b, 0x00, 0x0c, 
	0x25, 0x88, 0xa0, 0x00, 0x09, 0x00, 0x40, 0x14, 0x05, 0x01, 0x10, 0x24, 0x25, 0x20, 0x40, 0x02, 
	0xe2, 0x0a, 0x00, 0x0c, 0x25, 0x80, 0x40, 0x00, 0x0b, 0x00, 0x40, 0x10, 0x00, 0x00, 0x00, 0x00, 
	0x2c, 0x00, 0x51, 0xac, 0x54, 0x0b, 0x00, 0x0c, 0x00, 0x00, 0x00, 0x00, 0x1c, 0x00, 0xbf, 0x8f, 
	0x18, 0x00, 0xb2, 0x8f, 0x14, 0x00, 0xb1, 0x8f, 0x25, 0x10, 0x00, 0x02, 0x10, 0x00, 0xb0, 0x8f, 
	0x08, 0x00, 0xe0, 0x03, 0x20, 0x00, 0xbd, 0x27, 0xf6, 0xff, 0x00, 0x10, 0x01, 0x01, 0x10, 0x24, 
	0xe0, 0xff, 0xbd, 0x27, 0x18, 0x00, 0xb1, 0xaf, 0x14, 0x00, 0xb0, 0xaf, 0x1c, 0x00, 0xbf, 0xaf, 
	0x50, 0x0b, 0x00, 0x0c, 0x25, 0x88, 0x80, 0x00, 0x08, 0x00, 0x40, 0x14, 0x25, 0x80, 0x00, 0x00, 
	0xe2, 0x0a, 0x00, 0x0c, 0x25, 0x20, 0x20, 0x02, 0x02, 0x00, 0x40, 0x10, 0x25, 0x80, 0x40, 0x00, 
	0x2c, 0x00, 0x50, 0x8c, 0x54, 0x0b, 0x00, 0x0c, 0x00, 0x00, 0x00, 0x00, 0x1c, 0x00, 0xbf, 0x8f, 
	0x18, 0x00, 0xb1, 0x8f, 0x25, 0x10, 0x00, 0x02, 0x14, 0x00, 0xb0, 0x8f, 0x08, 0x00, 0xe0, 0x03, 
	0x20, 0x00, 0xbd, 0x27, 0xe0, 0xff, 0xbd, 0x27, 0x18, 0x00, 0xb2, 0xaf, 0x14, 0x00, 0xb1, 0xaf, 
	0x10, 0x00, 0xb0, 0xaf, 0x1c, 0x00, 0xbf, 0xaf, 0x25, 0x90, 0x80, 0x00, 0x50, 0x0b, 0x00, 0x0c, 
	0x25, 0x88, 0xa0, 0x00, 0x08, 0x00, 0x40, 0x14, 0xff, 0xff, 0x10, 0x24, 0xe2, 0x0a, 0x00, 0x0c, 
	0x25, 0x20, 0x40, 0x02, 0x0b, 0x00, 0x40, 0x14, 0x25, 0x20, 0x40, 0x00, 0xff, 0xff, 0x10, 0x24, 
	0x54, 0x0b, 0x00, 0x0c, 0x00, 0x00, 0x00, 0x00, 0x1c, 0x00, 0xbf, 0x8f, 0x18, 0x00, 0xb2, 0x8f, 
	0x14, 0x00, 0xb1, 0x8f, 0x25, 0x10, 0x00, 0x02, 0x10, 0x00, 0xb0, 0x8f, 0x08, 0x00, 0xe0, 0x03, 
	0x20, 0x00, 0xbd, 0x27, 0x25, 0x30, 0x00, 0x00, 0xd5, 0x00, 0x00, 0x0c, 0x25, 0x28, 0x20, 0x02, 
	0xf2, 0xff, 0x40, 0x10, 0x00, 0x00, 0x00, 0x00, 0x00, 0x00, 0x50, 0x8c, 0xf0, 0xff, 0x00, 0x10, 
	0x00, 0x00, 0x00, 0x00, 0xe0, 0xff, 0xbd, 0x27, 0x18, 0x00, 0xb1, 0xaf, 0x14, 0x00, 0xb0, 0xaf, 
	0x1c, 0x00, 0xbf, 0xaf, 0x50, 0x0b, 0x00, 0x0c, 0x25, 0x88, 0x80, 0x00, 0x0b, 0x00, 0x40, 0x14, 
	0xff, 0xff, 0x10, 0x24, 0xf6, 0x0a, 0x00, 0x0c, 0x25, 0x20, 0x20, 0x02, 0x25, 0x20, 0x40, 0x00, 
	0x04, 0x00, 0x40, 0x10, 0x02, 0x01, 0x10, 0x24, 0xe2, 0x00, 0x00, 0x0c, 0x00, 0x00, 0x00, 0x00, 
	0x25, 0x80, 0x40, 0x00, 0x54, 0x0b, 0x00, 0x0c, 0x00, 0x00, 0x00, 0x00, 0x1c, 0x00, 0xbf, 0x8f, 
	0x18, 0x00, 0xb1, 0x8f, 0x25, 0x10, 0x00, 0x02, 0x14, 0x00, 0xb0, 0x8f, 0x08, 0x00, 0xe0, 0x03, 
	0x20, 0x00, 0xbd, 0x27, 0xb8, 0xff, 0xbd, 0x27, 0x40, 0x00, 0xb4, 0xaf, 0x3c, 0x00, 0xb3, 0xaf, 
	0x38, 0x00, 0xb2, 0xaf, 0x34, 0x00, 0xb1, 0xaf, 0x30, 0x00, 0xb0, 0xaf, 0x44, 0x00, 0xbf, 0xaf, 
	0x25, 0xa0, 0x80, 0x00, 0x25, 0x90, 0xa0, 0x00, 0x25, 0x98, 0xc0, 0x00, 0x50, 0x0b, 0x00, 0x0c, 
	0x25, 0x88, 0xe0, 0x00, 0x37, 0x00, 0x40, 0x14, 0x05, 0x01, 0x10, 0x24, 0xf6, 0x0a, 0x00, 0x0c, 
	0x25, 0x20, 0x80, 0x02, 0x25, 0x20, 0x40, 0x00, 0x30, 0x00, 0x40, 0x10, 0x02, 0x01, 0x10, 0x24, 
	0x1a, 0x00, 0x40, 0x12, 0x00, 0x00, 0x00, 0x00, 0x18, 0x00, 0x60, 0x12, 0xff, 0xff, 0x62, 0x26, 
	0x21, 0x10, 0x42, 0x02, 0x02, 0x13, 0x02, 0x00, 0x02, 0x1b, 0x12, 0x00, 0x23, 0x10, 0x43, 0x00, 
	0x02, 0x00, 0x42, 0x2c, 0x36, 0x00, 0x40, 0x10, 0x00, 0x00, 0x00, 0x00, 0x06, 0x00, 0x82, 0x90, 
	0x00, 0x00, 0x00, 0x00, 0x03, 0x00, 0x40, 0x10, 0x03, 0x00, 0x42, 0x32, 0x1f, 0x00, 0x40, 0x14, 
	0x06, 0x01, 0x10, 0x24, 0x04, 0x00, 0x83, 0x90, 0x41, 0x00, 0x02, 0x24, 0x07, 0x00, 0x62, 0x14, 
	0x00, 0x00, 0x00, 0x00, 0x42, 0x00, 0x82, 0x94, 0x00, 0x00, 0x00, 0x00, 0xff, 0x07, 0x42, 0x30, 
	0x2b, 0x10, 0x53, 0x00, 0x26, 0x00, 0x40, 0x14, 0x00, 0x00, 0x00, 0x00, 0x0a, 0x0b, 0x00, 0x0c, 
	0x28, 0x00, 0xa4, 0xaf, 0x25, 0x28, 0x40, 0x00, 0x10, 0x00, 0x40, 0x10, 0x12, 0x01, 0x10, 0x24, 
	0x58, 0x00, 0xa2, 0x8f, 0x28, 0x00, 0xa4, 0x8f, 0x30, 0x00, 0xa2, 0xac, 0x5c, 0x00, 0xa2, 0x8f, 
	0x3f, 0x00, 0x03, 0x24, 0x34, 0x00, 0xa2, 0xac, 0x04, 0x00, 0x82, 0x90, 0x00, 0x00, 0x00, 0x00, 
	0x2a, 0x00, 0x43, 0x14, 0x41, 0x00, 0x03, 0x24, 0x0f, 0x00, 0x20, 0x16, 0x00, 0x00, 0x00, 0x00, 
	0x22, 0x0b, 0x00, 0x0c, 0x25, 0x20, 0xa0, 0x00, 0x13, 0x01, 0x10, 0x24, 0x54, 0x0b, 0x00, 0x0c, 
	0x00, 0x00, 0x00, 0x00, 0x44, 0x00, 0xbf, 0x8f, 0x40, 0x00, 0xb4, 0x8f, 0x3c, 0x00, 0xb3, 0x8f, 
	0x38, 0x00, 0xb2, 0x8f, 0x34, 0x00, 0xb1, 0x8f, 0x25, 0x10, 0x00, 0x02, 0x30, 0x00, 0xb0, 0x8f, 
	0x08, 0x00, 0xe0, 0x03, 0x48, 0x00, 0xbd, 0x27, 0x06, 0x00, 0x22, 0x96, 0x00, 0x00, 0x00, 0x00, 
	0x05, 0x00, 0x53, 0x10, 0x00, 0x00, 0x00, 0x00, 0x22, 0x0b, 0x00, 0x0c, 0x25, 0x20, 0xa0, 0x00, 
	0xee, 0xff, 0x00, 0x10, 0x03, 0x01, 0x10, 0x24, 0x00, 0x00, 0x02, 0x3c, 0xd8, 0x41, 0x42, 0x24, 
	0x20, 0x00, 0xa2, 0xaf, 0x1c, 0x00, 0xb2, 0xaf, 0x18, 0x00, 0xb3, 0xaf, 0x04, 0x00, 0x22, 0x96, 
	0x00, 0x00, 0x00, 0x00, 0x14, 0x00, 0xa2, 0xaf, 0x02, 0x00, 0x22, 0x96, 0x00, 0x00, 0x00, 0x00, 
	0x10, 0x00, 0xa2, 0xaf, 0x01, 0x00, 0x27, 0x92, 0x00, 0x00, 0x26, 0x92, 0x07, 0x0f, 0x00, 0x0c, 
	0x00, 0x00, 0x00, 0x00, 0xdd, 0xff, 0x00, 0x10, 0x25, 0x80, 0x40, 0x00, 0x02, 0x00, 0x43, 0x14, 
	0x00, 0x00, 0x00, 0x00, 0x2c, 0x00, 0xb1, 0xac, 0x00, 0x00, 0x02, 0x3c, 0xd8, 0x41, 0x42, 0x24, 
	0x10, 0x00, 0xa2, 0xaf, 0xff, 0xff, 0x67, 0x32, 0xe5, 0x0e, 0x00, 0x0c, 0x25, 0x30, 0x40, 0x02, 
	0xd2, 0xff, 0x00, 0x10, 0x25, 0x80, 0x40, 0x00, 0xe0, 0xff, 0xbd, 0x27, 0x18, 0x00, 0xb2, 0xaf, 
	0x14, 0x00, 0xb1, 0xaf, 0x10, 0x00, 0xb0, 0xaf, 0x1c, 0x00, 0xbf, 0xaf, 0x25, 0x90, 0x80, 0x00, 
	0x50, 0x0b, 0x00, 0x0c, 0x25, 0x88, 0xa0, 0x00, 0x08, 0x00, 0x40, 0x14, 0xff, 0xff, 0x10, 0x24, 
	0xe2, 0x0a, 0x00, 0x0c, 0x25, 0x20, 0x40, 0x02, 0x0b, 0x00, 0x40, 0x14, 0x25, 0x20, 0x40, 0x00, 
	0xff, 0xff, 0x10, 0x24, 0x54, 0x0b, 0x00, 0x0c, 0x00, 0x00, 0x00, 0x00, 0x1c, 0x00, 0xbf, 0x8f, 
	0x18, 0x00, 0xb2, 0x8f, 0x14, 0x00, 0xb1, 0x8f, 0x25, 0x10, 0x00, 0x02, 0x10, 0x00, 0xb0, 0x8f, 
	0x08, 0x00, 0xe0, 0x03, 0x20, 0x00, 0xbd, 0x27, 0x01, 0x00, 0x06, 0x24, 0xd5, 0x00, 0x00, 0x0c, 
	0x25, 0x28, 0x20, 0x02, 0xf2, 0xff, 0x40, 0x10, 0x00, 0x00, 0x00, 0x00, 0x00, 0x00, 0x50, 0x8c, 
	0xf0, 0xff, 0x00, 0x10, 0x00, 0x00, 0x00, 0x00, 0xd8, 0xff, 0xbd, 0x27, 0x1c, 0x00, 0xb2, 0xaf, 
	0x18, 0x00, 0xb1, 0xaf, 0x14, 0x00, 0xb0, 0xaf, 0x24, 0x00, 0xbf, 0xaf, 0x20, 0x00, 0xb3, 0xaf, 
	0x25, 0x90, 0x80, 0x00, 0x50, 0x0b, 0x00, 0x0c, 0x25, 0x88, 0xa0, 0x00, 0x18, 0x00, 0x40, 0x14, 
	0x05, 0x01, 0x10, 0x24, 0x00, 0x00, 0x13, 0x3c, 0x90, 0x46, 0x73, 0x26, 0x25, 0x80, 0x40, 0x00, 
	0x20, 0x00, 0x62, 0x8e, 0x00, 0x00, 0x00, 0x00, 0x06, 0x00, 0x52, 0x10, 0x25, 0x28, 0x40, 0x02, 
	0x00, 0x00, 0x04, 0x3c, 0xe0, 0x46, 0x84, 0x8c, 0x14, 0x11, 0x00, 0x0c, 0x20, 0x00, 0x72, 0xae, 
	0x25, 0x80, 0x40, 0x00, 0x24, 0x00, 0x62, 0x8e, 0x00, 0x00, 0x00, 0x00, 0x06, 0x00, 0x51, 0x10, 
	0x25, 0x28, 0x20, 0x02, 0x00, 0x00, 0x04, 0x3c, 0xc0, 0x46, 0x84, 0x8c, 0x14, 0x11, 0x00, 0x0c, 
	0x24, 0x00, 0x71, 0xae, 0x25, 0x80, 0x40, 0x00, 0x54, 0x0b, 0x00, 0x0c, 0x00, 0x00, 0x00, 0x00, 
	0x24, 0x00, 0xbf, 0x8f, 0x20, 0x00, 0xb3, 0x8f, 0x1c, 0x00, 0xb2, 0x8f, 0x18, 0x00, 0xb1, 0x8f, 
	0x25, 0x10, 0x00, 0x02, 0x14, 0x00, 0xb0, 0x8f, 0x08, 0x00, 0xe0, 0x03, 0x28, 0x00, 0xbd, 0x27, 
	0x00, 0x00, 0x03, 0x3c, 0x00, 0x47, 0x63, 0x24, 0x18, 0x00, 0x62, 0x8c, 0x00, 0x00, 0x00, 0x00, 
	0x05, 0x00, 0x40, 0x10, 0x00, 0x00, 0x00, 0x00, 0x08, 0x00, 0x44, 0x8c, 0x00, 0x00, 0x00, 0x00, 
	0x18, 0x00, 0x64, 0xac, 0x08, 0x00, 0x40, 0xac, 0x08, 0x00, 0xe0, 0x03, 0x00, 0x00, 0x00, 0x00, 
	0x0a, 0x00, 0x80, 0x10, 0x00, 0x00, 0x00, 0x00, 0x00, 0x00, 0x02, 0x3c, 0x00, 0x47, 0x42, 0x24, 
	0x18, 0x00, 0x43, 0x8c, 0x00, 0x00, 0x00, 0x00, 0x25, 0x28, 0x60, 0x00, 0x05, 0x00, 0xa0, 0x14, 
	0x00, 0x00, 0x00, 0x00, 0x08, 0x00, 0x83, 0xac, 0x18, 0x00, 0x44, 0xac, 0x08, 0x00, 0xe0, 0x03, 
	0x00, 0x00, 0x00, 0x00, 0x05, 0x00, 0xa4, 0x14, 0x00, 0x00, 0x00, 0x00, 0x00, 0x00, 0x04, 0x3c, 
	0x70, 0x45, 0x84, 0x24, 0xbe, 0x10, 0x00, 0x08, 0x00, 0x00, 0x00, 0x00, 0x08, 0x00, 0xa5, 0x8c, 
	0xf2, 0xff, 0x00, 0x10, 0x00, 0x00, 0x00, 0x00, 0x00, 0x00, 0x03, 0x3c, 0x00, 0x47, 0x63, 0x24, 
	0x0c, 0x00, 0x62, 0x8c, 0x00, 0x00, 0x00, 0x00, 0x05, 0x00, 0x40, 0x10, 0x00, 0x00, 0x00, 0x00, 
	0x08, 0x00, 0x44, 0x8c, 0x00, 0x00, 0x00, 0x00, 0x0c, 0x00, 0x64, 0xac, 0x08, 0x00, 0x40, 0xac, 
	0x08, 0x00, 0xe0, 0x03, 0x00, 0x00, 0x00, 0x00, 0x0a, 0x00, 0x80, 0x10, 0x00, 0x00, 0x00, 0x00, 
	0x00, 0x00, 0x02, 0x3c, 0x00, 0x47, 0x42, 0x24, 0x0c, 0x00, 0x43, 0x8c, 0x00, 0x00, 0x00, 0x00, 
	0x25, 0x28, 0x60, 0x00, 0x05, 0x00, 0xa0, 0x14, 0x00, 0x00, 0x00, 0x00, 0x08, 0x00, 0x83, 0xac, 
	0x0c, 0x00, 0x44, 0xac, 0x08, 0x00, 0xe0, 0x03, 0x00, 0x00, 0x00, 0x00, 0x05, 0x00, 0xa4, 0x14, 
	0x00, 0x00, 0x00, 0x00, 0x00, 0x00, 0x04, 0x3c, 0x8c, 0x45, 0x84, 0x24, 0xbe, 0x10, 0x00, 0x08, 
	0x00, 0x00, 0x00, 0x00, 0x08, 0x00, 0xa5, 0x8c, 0xf2, 0xff, 0x00, 0x10, 0x00, 0x00, 0x00, 0x00, 
	0x00, 0x00, 0x06, 0x3c, 0x00, 0x47, 0xc6, 0x24, 0x3c, 0x00, 0xc2, 0x8c, 0x00, 0x00, 0x00, 0x00, 
	0x26, 0x00, 0x40, 0x10, 0x00, 0x00, 0x00, 0x00, 0x04, 0x00, 0x43, 0x8c, 0x08, 0x00, 0x47, 0x8c, 
	0x1a, 0x00, 0x60, 0x10, 0x00, 0x00, 0x00, 0x00, 0x08, 0x00, 0x67, 0xac, 0x08, 0x00, 0x47, 0x8c, 
	0x00, 0x00, 0x00, 0x00, 0x17, 0x00, 0xe0, 0x10, 0x00, 0x00, 0x00, 0x00, 0x04, 0x00, 0xe3, 0xac, 
	0x0c, 0x00, 0x40, 0xac, 0x10, 0x00, 0x40, 0xac, 0x14, 0x00, 0x40, 0xac, 0x18, 0x00, 0x40, 0xa0, 
	0x1b, 0x00, 0x40, 0xa0, 0x1c, 0x00, 0x40, 0xac, 0x20, 0x00, 0x40, 0xac, 0x24, 0x00, 0x44, 0xac, 
	0x28, 0x00, 0x45, 0xac, 0x0f, 0x00, 0x80, 0x10, 0x2c, 0x00, 0x40, 0xac, 0x20, 0x00, 0x83, 0x8c, 
	0x00, 0x00, 0x00, 0x00, 0x09, 0x00, 0x60, 0x10, 0x08, 0x00, 0x43, 0xac, 0x04, 0x00, 0x62, 0xac, 
	0x04, 0x00, 0x40, 0xac, 0x08, 0x00, 0xe0, 0x03, 0x20, 0x00, 0x82, 0xac, 0xe7, 0xff, 0x00, 0x10, 
	0x40, 0x00, 0xc7, 0xac, 0xea, 0xff, 0x00, 0x10, 0x3c, 0x00, 0xc3, 0xac, 0xf8, 0xff, 0x00, 0x10, 
	0x1c, 0x00, 0x82, 0xac, 0x08, 0x00, 0x40, 0xac, 0x04, 0x00, 0x40, 0xac, 0x08, 0x00, 0xe0, 0x03, 
	0x00, 0x00, 0x00, 0x00, 0x1d, 0x00, 0x80, 0x10, 0x25, 0x28, 0x80, 0x00, 0x00, 0x00, 0x04, 0x3c, 
	0x00, 0x47, 0x84, 0x24, 0x38, 0x00, 0x82, 0x8c, 0x00, 0x00, 0x00, 0x00, 0x2b, 0x18, 0xa2, 0x00, 
	0x0b, 0x00, 0x60, 0x14, 0x00, 0x00, 0x00, 0x00, 0x00, 0x00, 0x06, 0x3c, 0x90, 0x46, 0xc6, 0x8c, 
	0x00, 0x00, 0x00, 0x00, 0xc0, 0x18, 0x06, 0x00, 0x21, 0x18, 0x66, 0x00, 0x00, 0x19, 0x03, 0x00, 
	0x21, 0x10, 0x43, 0x00, 0x2b, 0x10, 0xa2, 0x00, 0x04, 0x00, 0x40, 0x14, 0x00, 0x00, 0x00, 0x00, 
	0x00, 0x00, 0x04, 0x3c, 0xbe, 0x10, 0x00, 0x08, 0xa8, 0x45, 0x84, 0x24, 0x40, 0x00, 0x82, 0x8c, 
	0x00, 0x00, 0x00, 0x00, 0x07, 0x00, 0x40, 0x10, 0x08, 0x00, 0xa2, 0xac, 0x04, 0x00, 0x45, 0xac, 
	0x04, 0x00, 0xa0, 0xac, 0x24, 0x00, 0xa0, 0xac, 0x40, 0x00, 0x85, 0xac, 0x08, 0x00, 0xe0, 0x03, 
	0x00, 0x00, 0x00, 0x00, 0xfa, 0xff, 0x00, 0x10, 0x3c, 0x00, 0x85, 0xac, 0x1c, 0x00, 0x82, 0x8c, 
	0xff, 0xff, 0xa5, 0x24, 0x03, 0x00, 0xa0, 0x1c, 0x00, 0x00, 0x00, 0x00, 0x08, 0x00, 0xe0, 0x03, 
	0x00, 0x00, 0x00, 0x00, 0xfd, 0xff, 0x40, 0x10, 0xff, 0xff, 0xa5, 0x24, 0x04, 0x00, 0x42, 0x8c, 
	0xf8, 0xff, 0x00, 0x10, 0x00, 0x00, 0x00, 0x00, 0x00, 0x00, 0x02, 0x3c, 0x08, 0x47, 0x42, 0x8c, 
	0x00, 0x21, 0x04, 0x00, 0x21, 0x10, 0x44, 0x00, 0x0c, 0x00, 0x43, 0x8c, 0x00, 0x00, 0x00, 0x00, 
	0x0c, 0x00, 0xa3, 0xac, 0x08, 0x00, 0xe0, 0x03, 0x0c, 0x00, 0x45, 0xac, 0x00, 0x00, 0x03, 0x3c, 
	0x08, 0x47, 0x63, 0x8c, 0x00, 0x21, 0x04, 0x00, 0x21, 0x18, 0x64, 0x00, 0x0c, 0x00, 0x62, 0x8c, 
	0x00, 0x00, 0x00, 0x00, 0x03, 0x00, 0x40, 0x14, 0x00, 0x00, 0x00, 0x00, 0x08, 0x00, 0xe0, 0x03, 
	0x00, 0x00, 0x00, 0x00, 0x0c, 0x00, 0x44, 0x8c, 0x03, 0x00, 0x45, 0x14, 0x00, 0x00, 0x00, 0x00, 
	0x08, 0x00, 0xe0, 0x03, 0x0c, 0x00, 0x64, 0xac, 0x25, 0x18, 0x40, 0x00, 0xf5, 0xff, 0x00, 0x10, 
	0x25, 0x10, 0x80, 0x00, 0x00, 0x00, 0x06, 0x3c, 0x00, 0x47, 0xc6, 0x24, 0x48, 0x00, 0xc2, 0x8c, 
	0x00, 0x00, 0x00, 0x00, 0x18, 0x00, 0x40, 0x10, 0x00, 0x00, 0x00, 0x00, 0x08, 0x00, 0x43, 0x8c, 
	0x0c, 0x00, 0x47, 0x8c, 0x16, 0x00, 0x60, 0x10, 0x00, 0x00, 0x00, 0x00, 0x0c, 0x00, 0x67, 0xac, 
	0x0c, 0x00, 0x47, 0x8c, 0x00, 0x00, 0x00, 0x00, 0x13, 0x00, 0xe0, 0x10, 0x00, 0x00, 0x00, 0x00, 
	0x08, 0x00, 0xe3, 0xac, 0x05, 0x00, 0x40, 0xa0, 0x06, 0x00, 0x45, 0xa0, 0x10, 0x00, 0x83, 0x8c, 
	0x18, 0x00, 0x44, 0xac, 0x20, 0x00, 0x40, 0xac, 0x1c, 0x00, 0x40, 0xac, 0x14, 0x00, 0x40, 0xac, 
	0x10, 0x00, 0x40, 0xac, 0x08, 0x00, 0x40, 0xac, 0x09, 0x00, 0x60, 0x10, 0x0c, 0x00, 0x43, 0xac, 
	0x08, 0x00, 0x62, 0xac, 0x10, 0x00, 0x82, 0xac, 0x08, 0x00, 0xe0, 0x03, 0x00, 0x00, 0x00, 0x00, 
	0xeb, 0xff, 0x00, 0x10, 0x4c, 0x00, 0xc7, 0xac, 0xee, 0xff, 0x00, 0x10, 0x48, 0x00, 0xc3, 0xac, 
	0xf8, 0xff, 0x00, 0x10, 0x0c, 0x00, 0x82, 0xac, 0x11, 0x00, 0x80, 0x18, 0x25, 0x10, 0x00, 0x00, 
	0x00, 0x00, 0x03, 0x3c, 0x90, 0x46, 0x63, 0x8c, 0x00, 0x00, 0x00, 0x00, 0x2a, 0x18, 0x83, 0x00, 
	0x0b, 0x00, 0x60, 0x10, 0xc0, 0x18, 0x04, 0x00, 0x00, 0x00, 0x02, 0x3c, 0x38, 0x47, 0x42, 0x8c, 
	0x21, 0x18, 0x64, 0x00, 0x00, 0x19, 0x03, 0x00, 0x21, 0x10, 0x43, 0x00, 0x24, 0x00, 0x43, 0x8c, 
	0x00, 0x00, 0x00, 0x00, 0x02, 0x00, 0x60, 0x14, 0x00, 0x00, 0x00, 0x00, 0x25, 0x10, 0x00, 0x00, 
	0x08, 0x00, 0xe0, 0x03, 0x00, 0x00, 0x00, 0x00, 0x11, 0x00, 0x80, 0x04, 0x25, 0x10, 0x00, 0x00, 
	0x00, 0x00, 0x03, 0x3c, 0x94, 0x46, 0x63, 0x8c, 0x00, 0x00, 0x00, 0x00, 0x2a, 0x18, 0x83, 0x00, 
	0x0b, 0x00, 0x60, 0x10, 0x80, 0x18, 0x04, 0x00, 0x00, 0x00, 0x02, 0x3c, 0x44, 0x47, 0x42, 0x8c, 
	0x21, 0x18, 0x64, 0x00, 0x00, 0x19, 0x03, 0x00, 0x21, 0x10, 0x43, 0x00, 0x18, 0x00, 0x43, 0x8c, 
	0x00, 0x00, 0x00, 0x00, 0x02, 0x00, 0x60, 0x14, 0x00, 0x00, 0x00, 0x00, 0x25, 0x10, 0x00, 0x00, 
	0x08, 0x00, 0xe0, 0x03, 0x00, 0x00, 0x00, 0x00, 0x00, 0x00, 0x04, 0x3c, 0x00, 0x47, 0x84, 0x24, 
	0x30, 0x00, 0x82, 0x8c, 0x00, 0x00, 0x00, 0x00, 0x0d, 0x00, 0x40, 0x10, 0x00, 0x00, 0x00, 0x00, 
	0x04, 0x00, 0x43, 0x8c, 0x08, 0x00, 0x45, 0x8c, 0x0b, 0x00, 0x60, 0x10, 0x00, 0x00, 0x00, 0x00, 
	0x08, 0x00, 0x65, 0xac, 0x08, 0x00, 0x45, 0x8c, 0x00, 0x00, 0x00, 0x00, 0x08, 0x00, 0xa0, 0x10, 
	0x00, 0x00, 0x00, 0x00, 0x04, 0x00, 0xa3, 0xac, 0x04, 0x00, 0x40, 0xac, 0x08, 0x00, 0x40, 0xac, 
	0x08, 0x00, 0xe0, 0x03, 0x00, 0x00, 0x00, 0x00, 0xf6, 0xff, 0x00, 0x10, 0x34, 0x00, 0x85, 0xac, 
	0xf9, 0xff, 0x00, 0x10, 0x30, 0x00, 0x83, 0xac, 0x1d, 0x00, 0x80, 0x10, 0x00, 0x00, 0x00, 0x00, 
	0x00, 0x00, 0x03, 0x3c, 0x00, 0x47, 0x63, 0x24, 0x2c, 0x00, 0x62, 0x8c, 0x00, 0x00, 0x00, 0x00, 
	0x23, 0x10, 0x82, 0x00, 0x15, 0x00, 0x40, 0x04, 0xc3, 0x10, 0x02, 0x00, 0xdb, 0xb6, 0x05, 0x3c, 
	0xb7, 0x6d, 0xa5, 0x24, 0x18, 0x00, 0x45, 0x00, 0x00, 0x00, 0x02, 0x3c, 0xa0, 0x46, 0x42, 0x8c, 
	0x12, 0x28, 0x00, 0x00, 0x2a, 0x10, 0xa2, 0x00, 0x0c, 0x00, 0x40, 0x10, 0x00, 0x00, 0x00, 0x00, 
	0x30, 0x00, 0x65, 0x8c, 0x00, 0x00, 0x00, 0x00, 0x0b, 0x00, 0xa0, 0x14, 0x00, 0x00, 0x00, 0x00, 
	0x34, 0x00, 0x62, 0x8c, 0x00, 0x00, 0x00, 0x00, 0x10, 0x00, 0x40, 0x10, 0x08, 0x00, 0x82, 0xac, 
	0x04, 0x00, 0x44, 0xac, 0x04, 0x00, 0x80, 0xac, 0x34, 0x00, 0x64, 0xac, 0x00, 0x00, 0x80, 0xac, 
	0x08, 0x00, 0xe0, 0x03, 0x00, 0x00, 0x00, 0x00, 0x05, 0x00, 0xa4, 0x14, 0x00, 0x00, 0x00, 0x00, 
	0x00, 0x00, 0x04, 0x3c, 0xd8, 0x45, 0x84, 0x24, 0xbe, 0x10, 0x00, 0x08, 0x00, 0x00, 0x00, 0x00, 
	0x04, 0x00, 0xa5, 0x8c, 0xec, 0xff, 0x00, 0x10, 0x00, 0x00, 0x00, 0x00, 0xf1, 0xff, 0x00, 0x10, 
	0x30, 0x00, 0x64, 0xac, 0x00, 0x00, 0x00, 0x00, 0x00, 0x00, 0x00, 0x00, 0x00, 0x00, 0x00, 0x00, 
	0x00, 0x00, 0x04, 0x3c, 0x70, 0x47, 0x84, 0x8c, 0xf0, 0x10, 0x00, 0x08, 0x00, 0x00, 0x00, 0x00, 
	0x00, 0x00, 0x04, 0x3c, 0x70, 0x47, 0x84, 0x8c, 0xf2, 0x10, 0x00, 0x08, 0x00, 0x00, 0x00, 0x00, 
	0x00, 0x00, 0x06, 0x3c, 0x68, 0x47, 0xc6, 0x8c, 0x25, 0x18, 0x00, 0x00, 0x06, 0x00, 0x02, 0x24, 
	0xf8, 0xff, 0xbd, 0x27, 0x0f, 0x00, 0xc4, 0x14, 0x00, 0x00, 0x00, 0x00, 0x21, 0x20, 0xa3, 0x03, 
	0x25, 0x10, 0x00, 0x00, 0x07, 0x00, 0x08, 0x24, 0x2a, 0x30, 0x43, 0x00, 0x02, 0x00, 0xc0, 0x10, 
	0x25, 0x38, 0x00, 0x00, 0xff, 0xff, 0x87, 0x90, 0x21, 0x30, 0xa2, 0x00, 0x01, 0x00, 0x42, 0x24, 
	0x00, 0x00, 0xc7, 0xa0, 0xf8, 0xff, 0x48, 0x14, 0xff, 0xff, 0x84, 0x24, 0x09, 0x00, 0x00, 0x10, 
	0x25, 0x10, 0x00, 0x00, 0x28, 0x00, 0x88, 0x8c, 0x21, 0x38, 0xa3, 0x03, 0x01, 0x00, 0x63, 0x24, 
	0x24, 0x00, 0x84, 0x8c, 0xeb, 0xff, 0x62, 0x14, 0x00, 0x00, 0xe8, 0xa0, 0xeb, 0xff, 0xc4, 0x10, 
	0x07, 0x01, 0x02, 0x24, 0x08, 0x00, 0xe0, 0x03, 0x08, 0x00, 0xbd, 0x27, 0xc8, 0xff, 0xbd, 0x27, 
	0x24, 0x00, 0xb4, 0xaf, 0x00, 0x00, 0x14, 0x3c, 0x00, 0x47, 0x94, 0x26, 0x1c, 0x00, 0x82, 0x8e, 
	0x28, 0x00, 0x83, 0x8e, 0x23, 0x10, 0x82, 0x00, 0x43, 0x11, 0x02, 0x00, 0x80, 0x10, 0x02, 0x00, 
	0x21, 0x10, 0x62, 0x00, 0x14, 0x00, 0xb0, 0xaf, 0x00, 0x00, 0x50, 0x8c, 0x34, 0x00, 0xbf, 0xaf, 
	0x30, 0x00, 0xb7, 0xaf, 0x2c, 0x00, 0xb6, 0xaf, 0x28, 0x00, 0xb5, 0xaf, 0x20, 0x00, 0xb3, 0xaf, 
	0x1c, 0x00, 0xb2, 0xaf, 0x6e, 0x00, 0x00, 0x12, 0x18, 0x00, 0xb1, 0xaf, 0x10, 0x00, 0x91, 0x94, 
	0x00, 0x00, 0x95, 0x8c, 0x02, 0xb3, 0x11, 0x00, 0x00, 0x00, 0x40, 0xac, 0x25, 0x90, 0x80, 0x00, 
	0x10, 0x0a, 0x00, 0x0c, 0x02, 0xaf, 0x15, 0x00, 0x00, 0x11, 0x16, 0x00, 0x25, 0x10, 0x55, 0x00, 
	0x0c, 0x00, 0x13, 0x8e, 0x28, 0x00, 0x00, 0xae, 0x0c, 0x00, 0xa0, 0x16, 0x24, 0x00, 0x02, 0xae, 
	0x01, 0x02, 0x02, 0x24, 0x06, 0x10, 0xc2, 0x02, 0x01, 0x00, 0x42, 0x30, 0x07, 0x00, 0x40, 0x10, 
	0x00, 0x10, 0x03, 0x24, 0x40, 0x00, 0x62, 0x96, 0x00, 0x00, 0x00, 0x00, 0x00, 0x18, 0x42, 0x30, 
	0x1e, 0x00, 0x43, 0x14, 0xff, 0x07, 0x31, 0x32, 0x28, 0x00, 0x11, 0xae, 0x48, 0x00, 0x71, 0x8e, 
	0x08, 0x00, 0x00, 0xae, 0x01, 0x00, 0x22, 0x32, 0x0b, 0x00, 0x40, 0x10, 0x04, 0x00, 0x00, 0xae, 
	0xf0, 0xff, 0x02, 0x24, 0x24, 0x88, 0x22, 0x02, 0x25, 0xa8, 0x00, 0x02, 0x22, 0x01, 0x17, 0x24, 
	0x44, 0x00, 0x62, 0x8e, 0x03, 0x00, 0x20, 0x12, 0x00, 0x00, 0x00, 0x00, 0x12, 0x00, 0x22, 0x16, 
	0x00, 0x00, 0x00, 0x00, 0x48, 0x00, 0x62, 0xae, 0x33, 0x00, 0x00, 0x16, 0x02, 0x00, 0x04, 0x24, 
	0x34, 0x00, 0xbf, 0x8f, 0x30, 0x00, 0xb7, 0x8f, 0x2c, 0x00, 0xb6, 0x8f, 0x28, 0x00, 0xb5, 0x8f, 
	0x24, 0x00, 0xb4, 0x8f, 0x20, 0x00, 0xb3, 0x8f, 0x1c, 0x00, 0xb2, 0x8f, 0x18, 0x00, 0xb1, 0x8f, 
	0x14, 0x00, 0xb0, 0x8f, 0xc9, 0x0e, 0x00, 0x08, 0x38, 0x00, 0xbd, 0x27, 0x1c, 0x00, 0x02, 0x8e, 
	0xe2, 0xff, 0x00, 0x10, 0x28, 0x00, 0x02, 0xae, 0x08, 0x00, 0x36, 0x8e, 0x10, 0x0a, 0x00, 0x0c, 
	0x25, 0x20, 0x20, 0x02, 0x1c, 0x00, 0x83, 0x8e, 0x28, 0x00, 0x84, 0x8e, 0x23, 0x88, 0x23, 0x02, 
	0x43, 0x89, 0x11, 0x00, 0x80, 0x88, 0x11, 0x00, 0x21, 0x88, 0x91, 0x00, 0x00, 0x00, 0x22, 0x8e, 
	0x00, 0x00, 0x00, 0x00, 0xde, 0xff, 0x40, 0x10, 0x25, 0x88, 0xc0, 0x02, 0x23, 0x18, 0x43, 0x02, 
	0x43, 0x19, 0x03, 0x00, 0x80, 0x18, 0x03, 0x00, 0x21, 0x20, 0x83, 0x00, 0x00, 0x00, 0x80, 0xac, 
	0x25, 0x18, 0x00, 0x02, 0x06, 0x00, 0x60, 0x14, 0x00, 0x00, 0x00, 0x00, 0x24, 0x00, 0x57, 0xac, 
	0x08, 0x00, 0xa0, 0x16, 0x08, 0x00, 0x55, 0xac, 0x07, 0x00, 0x00, 0x10, 0x25, 0x80, 0x40, 0x00, 
	0xcf, 0xff, 0x62, 0x10, 0x25, 0x88, 0xc0, 0x02, 0x04, 0x00, 0x63, 0x8c, 0xf5, 0xff, 0x00, 0x10, 
	0x00, 0x00, 0x00, 0x00, 0x04, 0x00, 0xa2, 0xae, 0x04, 0x00, 0x40, 0xac, 0x25, 0xa8, 0x40, 0x00, 
	0xc7, 0xff, 0x00, 0x10, 0x25, 0x88, 0xc0, 0x02, 0x0c, 0x00, 0x02, 0x8e, 0x04, 0x00, 0x11, 0x8e, 
	0x18, 0x00, 0x42, 0x8c, 0x00, 0x00, 0x00, 0x00, 0x09, 0x00, 0x40, 0x10, 0x00, 0x00, 0x00, 0xae, 
	0x20, 0x00, 0x02, 0x8e, 0x00, 0x00, 0x00, 0x00, 0x03, 0x00, 0x40, 0x10, 0x00, 0x00, 0x00, 0x00, 
	0x09, 0xf8, 0x40, 0x00, 0x25, 0x20, 0x00, 0x02, 0xbf, 0xff, 0x00, 0x10, 0x25, 0x80, 0x20, 0x02, 
	0x22, 0x0b, 0x00, 0x0c, 0x25, 0x20, 0x00, 0x02, 0xbb, 0xff, 0x00, 0x10, 0x25, 0x80, 0x20, 0x02, 
	0x34, 0x00, 0xbf, 0x8f, 0x30, 0x00, 0xb7, 0x8f, 0x2c, 0x00, 0xb6, 0x8f, 0x28, 0x00, 0xb5, 0x8f, 
	0x24, 0x00, 0xb4, 0x8f, 0x20, 0x00, 0xb3, 0x8f, 0x1c, 0x00, 0xb2, 0x8f, 0x18, 0x00, 0xb1, 0x8f, 
	0x14, 0x00, 0xb0, 0x8f, 0x08, 0x00, 0xe0, 0x03, 0x38, 0x00, 0xbd, 0x27, 0xd0, 0xff, 0xbd, 0x27, 
	0x18, 0x00, 0xb2, 0xaf, 0x00, 0x00, 0x12, 0x3c, 0x00, 0x47, 0x52, 0x26, 0x10, 0x00, 0x42, 0x8e, 
	0x24, 0x00, 0x43, 0x8e, 0x23, 0x10, 0x82, 0x00, 0x03, 0x11, 0x02, 0x00, 0x80, 0x10, 0x02, 0x00, 
	0x21, 0x10, 0x62, 0x00, 0x10, 0x00, 0xb0, 0xaf, 0x00, 0x00, 0x50, 0x8c, 0x2c, 0x00, 0xbf, 0xaf, 
	0x28, 0x00, 0xb6, 0xaf, 0x24, 0x00, 0xb5, 0xaf, 0x20, 0x00, 0xb4, 0xaf, 0x1c, 0x00, 0xb3, 0xaf, 
	0x71, 0x00, 0x00, 0x12, 0x14, 0x00, 0xb1, 0xaf, 0x00, 0x00, 0x40, 0xac, 0x0c, 0x00, 0x82, 0x8c, 
	0x00, 0x00, 0x91, 0x8c, 0x0b, 0x00, 0x40, 0x10, 0x18, 0x00, 0x02, 0x3c, 0x24, 0x10, 0x22, 0x02, 
	0x08, 0x00, 0x40, 0x10, 0x00, 0x00, 0x00, 0x00, 0x04, 0x00, 0x82, 0x8c, 0x00, 0x00, 0x00, 0x00, 
	0x30, 0x00, 0x40, 0x14, 0x00, 0x00, 0x00, 0x00, 0x1c, 0x00, 0x02, 0x8e, 0x00, 0x00, 0x00, 0x00, 
	0x28, 0x00, 0x02, 0xae, 0x32, 0x0a, 0x00, 0x0c, 0x02, 0x9f, 0x11, 0x00, 0x24, 0x00, 0x02, 0x8e, 
	0x00, 0x00, 0x00, 0x00, 0x02, 0x00, 0x40, 0x14, 0x00, 0x00, 0x00, 0x00, 0x24, 0x00, 0x13, 0xae, 
	0x04, 0x00, 0x60, 0x16, 0xe0, 0x00, 0x02, 0x3c, 0x24, 0x88, 0x22, 0x02, 0x16, 0x00, 0x22, 0x12, 
	0x00, 0x00, 0x00, 0x00, 0x08, 0x00, 0x00, 0xae, 0x11, 0x00, 0x60, 0x12, 0x04, 0x00, 0x00, 0xae, 
	0x0c, 0x00, 0x14, 0x8e, 0x00, 0x00, 0x00, 0x00, 0x48, 0x00, 0x91, 0x8e, 0x00, 0x00, 0x00, 0x00, 
	0x01, 0x00, 0x22, 0x32, 0x0a, 0x00, 0x40, 0x10, 0xf0, 0xff, 0x02, 0x24, 0x24, 0x88, 0x22, 0x02, 
	0x25, 0x98, 0x00, 0x02, 0x22, 0x01, 0x16, 0x24, 0x44, 0x00, 0x82, 0x8e, 0x03, 0x00, 0x20, 0x12, 
	0x00, 0x00, 0x00, 0x00, 0x12, 0x00, 0x22, 0x16, 0x00, 0x00, 0x00, 0x00, 0x48, 0x00, 0x82, 0xae, 
	0x2f, 0x00, 0x00, 0x16, 0x00, 0x00, 0x00, 0x00, 0x2c, 0x00, 0xbf, 0x8f, 0x28, 0x00, 0xb6, 0x8f, 
	0x24, 0x00, 0xb5, 0x8f, 0x20, 0x00, 0xb4, 0x8f, 0x1c, 0x00, 0xb3, 0x8f, 0x18, 0x00, 0xb2, 0x8f, 
	0x14, 0x00, 0xb1, 0x8f, 0x10, 0x00, 0xb0, 0x8f, 0x01, 0x00, 0x04, 0x24, 0xc9, 0x0e, 0x00, 0x08, 
	0x30, 0x00, 0xbd, 0x27, 0x18, 0x00, 0x03, 0x8e, 0xd1, 0xff, 0x00, 0x10, 0x23, 0x10, 0x43, 0x00, 
	0x08, 0x00, 0x35, 0x8e, 0x32, 0x0a, 0x00, 0x0c, 0x25, 0x20, 0x20, 0x02, 0x10, 0x00, 0x42, 0x8e, 
	0x24, 0x00, 0x43, 0x8e, 0x23, 0x88, 0x22, 0x02, 0x03, 0x89, 0x11, 0x00, 0x80, 0x88, 0x11, 0x00, 
	0x21, 0x18, 0x71, 0x00, 0x00, 0x00, 0x62, 0x8c, 0x00, 0x00, 0x00, 0x00, 0xde, 0xff, 0x40, 0x10, 
	0x25, 0x88, 0xa0, 0x02, 0x00, 0x00, 0x60, 0xac, 0x25, 0x18, 0x00, 0x02, 0x06, 0x00, 0x60, 0x14, 
	0x00, 0x00, 0x00, 0x00, 0x24, 0x00, 0x56, 0xac, 0x08, 0x00, 0x60, 0x16, 0x08, 0x00, 0x53, 0xac, 
	0x07, 0x00, 0x00, 0x10, 0x25, 0x80, 0x40, 0x00, 0xd3, 0xff, 0x62, 0x10, 0x25, 0x88, 0xa0, 0x02, 
	0x04, 0x00, 0x63, 0x8c, 0xf5, 0xff, 0x00, 0x10, 0x00, 0x00, 0x00, 0x00, 0x04, 0x00, 0x62, 0xae, 
	0x04, 0x00, 0x40, 0xac, 0x25, 0x98, 0x40, 0x00, 0xcb, 0xff, 0x00, 0x10, 0x25, 0x88, 0xa0, 0x02, 
	0x0c, 0x00, 0x02, 0x8e, 0x04, 0x00, 0x11, 0x8e, 0x18, 0x00, 0x42, 0x8c, 0x00, 0x00, 0x00, 0x00, 
	0x09, 0x00, 0x40, 0x10, 0x00, 0x00, 0x00, 0xae, 0x20, 0x00, 0x02, 0x8e, 0x00, 0x00, 0x00, 0x00, 
	0x03, 0x00, 0x40, 0x10, 0x00, 0x00, 0x00, 0x00, 0x09, 0xf8, 0x40, 0x00, 0x25, 0x20, 0x00, 0x02, 
	0xc3, 0xff, 0x00, 0x10, 0x25, 0x80, 0x20, 0x02, 0x22, 0x0b, 0x00, 0x0c, 0x25, 0x20, 0x00, 0x02, 
	0xbf, 0xff, 0x00, 0x10, 0x25, 0x80, 0x20, 0x02, 0x2c, 0x00, 0xbf, 0x8f, 0x28, 0x00, 0xb6, 0x8f, 
	0x24, 0x00, 0xb5, 0x8f, 0x20, 0x00, 0xb4, 0x8f, 0x1c, 0x00, 0xb3, 0x8f, 0x18, 0x00, 0xb2, 0x8f, 
	0x14, 0x00, 0xb1, 0x8f, 0x10, 0x00, 0xb0, 0x8f, 0x08, 0x00, 0xe0, 0x03, 0x30, 0x00, 0xbd, 0x27, 
	0xe8, 0xff, 0xbd, 0x27, 0x10, 0x00, 0xb0, 0xaf, 0x00, 0x00, 0x10, 0x3c, 0x00, 0x47, 0x10, 0x26, 
	0x60, 0x00, 0x03, 0x8e, 0x00, 0x00, 0x00, 0x00, 0x08, 0x00, 0x60, 0x14, 0x14, 0x00, 0xbf, 0xaf, 
	0x00, 0x00, 0x02, 0x8e, 0x04, 0x00, 0x03, 0x24, 0x14, 0x00, 0x43, 0xac, 0x14, 0x00, 0xbf, 0x8f, 
	0x10, 0x00, 0xb0, 0x8f, 0x08, 0x00, 0xe0, 0x03, 0x18, 0x00, 0xbd, 0x27, 0x14, 0x00, 0x62, 0x8c, 
	0x00, 0x00, 0x00, 0x00, 0x02, 0x00, 0x40, 0x10, 0xff, 0xff, 0x42, 0x24, 0x14, 0x00, 0x62, 0xac, 
	0x60, 0x00, 0x02, 0x8e, 0x00, 0x00, 0x00, 0x00, 0xf1, 0xff, 0x40, 0x10, 0x00, 0x00, 0x00, 0x00, 
	0x14, 0x00, 0x43, 0x8c, 0x00, 0x00, 0x00, 0x00, 0xf0, 0xff, 0x60, 0x14, 0x00, 0x00, 0x00, 0x00, 
	0x08, 0x00, 0x43, 0x8c, 0x00, 0x00, 0x00, 0x00, 0x0a, 0x00, 0x60, 0x10, 0x60, 0x00, 0x03, 0xae, 
	0x04, 0x00, 0x60, 0xac, 0x0c, 0x00, 0x43, 0x8c, 0x10, 0x00, 0x44, 0x8c, 0x04, 0x00, 0x40, 0xac, 
	0x08, 0x00, 0x40, 0xac, 0x09, 0xf8, 0x60, 0x00, 0x00, 0x00, 0x40, 0xac, 0xec, 0xff, 0x00, 0x10, 
	0x00, 0x00, 0x00, 0x00, 0x00, 0x00, 0x01, 0x3c, 0xf6, 0xff, 0x00, 0x10, 0x64, 0x47, 0x20, 0xac, 
	0xd8, 0xff, 0xbd, 0x27, 0x01, 0x00, 0x09, 0x24, 0x2c, 0x00, 0x0d, 0x24, 0x24, 0x00, 0xbf, 0xaf, 
	0x20, 0x00, 0xb0, 0xaf, 0x2a, 0x10, 0x24, 0x01, 0x3c, 0x00, 0x40, 0x10, 0x80, 0x60, 0x09, 0x00, 
	0x00, 0x00, 0x07, 0x3c, 0xd0, 0x44, 0xe7, 0x24, 0x2a, 0x00, 0x00, 0x10, 0x21, 0x60, 0xac, 0x00, 
	0x00, 0x00, 0x83, 0x8d, 0x00, 0x00, 0x46, 0x80, 0x00, 0x00, 0x00, 0x00, 0x11, 0x00, 0xc0, 0x14, 
	0x25, 0x50, 0x00, 0x00, 0x25, 0x10, 0x60, 0x00, 0x00, 0x00, 0x46, 0x80, 0x00, 0x00, 0x00, 0x00, 
	0x12, 0x00, 0xc0, 0x14, 0x00, 0x00, 0x00, 0x00, 0x08, 0x00, 0xeb, 0x8c, 0x00, 0x00, 0x00, 0x00, 
	0x19, 0x00, 0x60, 0x11, 0x00, 0x00, 0x00, 0x00, 0x19, 0x00, 0xcd, 0x14, 0x00, 0x00, 0x00, 0x00, 
	0x2b, 0x18, 0x62, 0x00, 0x42, 0x00, 0x60, 0x14, 0x00, 0x00, 0x00, 0x00, 0x44, 0x00, 0x00, 0x10, 
	0x01, 0x00, 0x42, 0x24, 0x00, 0x00, 0x68, 0x80, 0x00, 0x00, 0x00, 0x00, 0x10, 0x00, 0x06, 0x15, 
	0x01, 0x00, 0x42, 0x24, 0xe7, 0xff, 0x00, 0x10, 0x01, 0x00, 0x63, 0x24, 0xee, 0xff, 0xcd, 0x10, 
	0x00, 0x00, 0x00, 0x00, 0xd0, 0xff, 0xc6, 0x24, 0x0a, 0x00, 0xc8, 0x28, 0x08, 0x00, 0x00, 0x11, 
	0x80, 0x40, 0x0a, 0x00, 0x21, 0x40, 0x0a, 0x01, 0x40, 0x40, 0x08, 0x00, 0x21, 0x50, 0xc8, 0x00, 
	0xe1, 0xff, 0x00, 0x10, 0x01, 0x00, 0x42, 0x24, 0x2a, 0x00, 0xcd, 0x14, 0x00, 0x00, 0x00, 0x00, 
	0x0c, 0x00, 0xe7, 0x24, 0x00, 0x00, 0xe2, 0x8c, 0x00, 0x00, 0x00, 0x00, 0xd4, 0xff, 0x40, 0x14, 
	0x00, 0x00, 0x00, 0x00, 0xcb, 0xff, 0x00, 0x10, 0x01, 0x00, 0x29, 0x25, 0x0a, 0x00, 0x66, 0x28, 
	0xf7, 0xff, 0xc0, 0x10, 0x80, 0x30, 0x08, 0x00, 0x21, 0x30, 0xc8, 0x00, 0x40, 0x30, 0x06, 0x00, 
	0x21, 0x40, 0x66, 0x00, 0x23, 0x00, 0x00, 0x10, 0x01, 0x00, 0x42, 0x24, 0x00, 0x00, 0x04, 0x3c, 
	0xfc, 0x45, 0x84, 0x24, 0xbe, 0x10, 0x00, 0x0c, 0x00, 0x00, 0x00, 0x00, 0x00, 0x00, 0x04, 0x3c, 
	0xb5, 0x10, 0x00, 0x0c, 0x60, 0x44, 0x84, 0x24, 0x10, 0x00, 0x40, 0x14, 0x25, 0x80, 0x40, 0x00, 
	0x01, 0x00, 0x02, 0x24, 0x10, 0x00, 0xa4, 0x27, 0x10, 0x00, 0xa2, 0xaf, 0x14, 0x00, 0xa0, 0xaf, 
	0x18, 0x00, 0xa2, 0xaf, 0xee, 0x10, 0x00, 0x0c, 0x1c, 0x00, 0xa2, 0xaf, 0x00, 0x00, 0x01, 0x3c, 
	0x29, 0x03, 0x00, 0x0c, 0x70, 0x47, 0x22, 0xac, 0x24, 0x00, 0xbf, 0x8f, 0x25, 0x10, 0x00, 0x02, 
	0x20, 0x00, 0xb0, 0x8f, 0x08, 0x00, 0xe0, 0x03, 0x28, 0x00, 0xbd, 0x27, 0xfa, 0xff, 0x00, 0x10, 
	0x01, 0x00, 0x10, 0x24, 0x2b, 0x18, 0x62, 0x00, 0xd5, 0xff, 0x60, 0x10, 0x00, 0x00, 0x00, 0x00, 
	0x04, 0x00, 0xe3, 0x8c, 0xd2, 0xff, 0x60, 0x11, 0x00, 0x00, 0x6a, 0xac, 0x01, 0x00, 0x42, 0x24, 
	0x25, 0x40, 0x00, 0x00, 0x00, 0x00, 0x43, 0x80, 0x00, 0x00, 0x00, 0x00, 0xd3, 0xff, 0x60, 0x14, 
	0xd0, 0xff, 0x63, 0x24, 0x30, 0x00, 0x63, 0x24, 0xc9, 0xff, 0x00, 0x10, 0x00, 0x00, 0x68, 0xad, 
	0x05, 0x00, 0x82, 0x90, 0x00, 0x00, 0x00, 0x00, 0x0c, 0x00, 0x40, 0x10, 0x00, 0x00, 0x00, 0x00, 
	0x10, 0x00, 0x83, 0x8c, 0x14, 0x00, 0x87, 0x8c, 0x0a, 0x00, 0x60, 0x10, 0x15, 0x00, 0x46, 0x24, 
	0x14, 0x00, 0x67, 0xac, 0x14, 0x00, 0x85, 0x8c, 0x00, 0x00, 0x00, 0x00, 0x0b, 0x00, 0xa0, 0x10, 
	0x00, 0x00, 0x00, 0x00, 0x10, 0x00, 0xa3, 0xac, 0x05, 0x00, 0x80, 0xa0, 0x08, 0x00, 0xe0, 0x03, 
	0x00, 0x00, 0x00, 0x00, 0x80, 0x30, 0x06, 0x00, 0x00, 0x00, 0x05, 0x3c, 0x00, 0x47, 0xa5, 0x24, 
	0x21, 0x28, 0xa6, 0x00, 0xf3, 0xff, 0x00, 0x10, 0x00, 0x00, 0xa7, 0xac, 0x13, 0x00, 0x42, 0x24, 
	0x80, 0x10, 0x02, 0x00, 0x00, 0x00, 0x05, 0x3c, 0x00, 0x47, 0xa5, 0x24, 0x21, 0x10, 0xa2, 0x00, 
	0xf1, 0xff, 0x00, 0x10, 0x00, 0x00, 0x43, 0xac, 0x05, 0x00, 0x82, 0x90, 0x00, 0x00, 0x00, 0x00, 
	0x10, 0x00, 0x40, 0x14, 0x15, 0x00, 0xa6, 0x24, 0x00, 0x00, 0x02, 0x3c, 0x00, 0x47, 0x42, 0x24, 
	0x80, 0x30, 0x06, 0x00, 0x21, 0x30, 0x46, 0x00, 0x00, 0x00, 0xc6, 0x8c, 0x10, 0x00, 0x80, 0xac, 
	0xff, 0xff, 0xa3, 0x24, 0x09, 0x00, 0xc0, 0x10, 0x14, 0x00, 0x86, 0xac, 0x10, 0x00, 0xc4, 0xac, 
	0x16, 0x00, 0x63, 0x24, 0x80, 0x18, 0x03, 0x00, 0x21, 0x10, 0x43, 0x00, 0x00, 0x00, 0x44, 0xac, 
	0x05, 0x00, 0x85, 0xa0, 0x08, 0x00, 0xe0, 0x03, 0x00, 0x00, 0x00, 0x00, 0x13, 0x00, 0xa6, 0x24, 
	0x80, 0x30, 0x06, 0x00, 0x21, 0x30, 0x46, 0x00, 0xf5, 0xff, 0x00, 0x10, 0x00, 0x00, 0xc4, 0xac, 
	0x44, 0x00, 0x82, 0x8c, 0xd8, 0xff, 0xbd, 0x27, 0x18, 0x00, 0xb2, 0xaf, 0x24, 0x00, 0xbf, 0xaf, 
	0x20, 0x00, 0xb4, 0xaf, 0x1c, 0x00, 0xb3, 0xaf, 0x14, 0x00, 0xb1, 0xaf, 0x10, 0x00, 0xb0, 0xaf, 
	0x86, 0x00, 0x40, 0x10, 0x25, 0x90, 0x80, 0x00, 0x48, 0x00, 0x82, 0x8c, 0x00, 0x00, 0x00, 0x00, 
	0x01, 0x00, 0x42, 0x30, 0x81, 0x00, 0x40, 0x14, 0x00, 0x00, 0x00, 0x00, 0x40, 0x00, 0x82, 0x94, 
	0x00, 0x00, 0x00, 0x00, 0x00, 0x40, 0x42, 0x30, 0x7c, 0x00, 0x40, 0x14, 0x00, 0x00, 0x00, 0x00, 
	0x1c, 0x00, 0x93, 0x8c, 0x00, 0x00, 0x00, 0x00, 0x78, 0x00, 0x60, 0x12, 0x00, 0x00, 0x00, 0x00, 
	0x18, 0x00, 0x70, 0x8e, 0x00, 0x00, 0x00, 0x00, 0x15, 0x00, 0x00, 0x12, 0x00, 0x00, 0x00, 0x00, 
	0x1c, 0x00, 0x62, 0x8e, 0x00, 0x00, 0x00, 0x00, 0x11, 0x00, 0x40, 0x10, 0x25, 0x80, 0x00, 0x00, 
	0x26, 0x0a, 0x00, 0x0c, 0x00, 0x00, 0x00, 0x00, 0x0d, 0x00, 0x40, 0x14, 0x25, 0x80, 0x40, 0x00, 
	0x01, 0x00, 0x05, 0x24, 0x46, 0x0d, 0x00, 0x0c, 0x25, 0x20, 0x40, 0x02, 0x25, 0x10, 0x00, 0x00, 
	0x24, 0x00, 0xbf, 0x8f, 0x20, 0x00, 0xb4, 0x8f, 0x1c, 0x00, 0xb3, 0x8f, 0x18, 0x00, 0xb2, 0x8f, 
	0x14, 0x00, 0xb1, 0x8f, 0x10, 0x00, 0xb0, 0x8f, 0x08, 0x00, 0xe0, 0x03, 0x28, 0x00, 0xbd, 0x27, 
	0x26, 0x0a, 0x00, 0x0c, 0x00, 0x00, 0x00, 0x00, 0x26, 0x0a, 0x00, 0x0c, 0x25, 0x88, 0x40, 0x00, 
	0x03, 0x00, 0x20, 0x12, 0x25, 0xa0, 0x40, 0x00, 0x09, 0x00, 0x40, 0x14, 0x00, 0x00, 0x00, 0x00, 
	0x32, 0x0a, 0x00, 0x0c, 0x25, 0x20, 0x20, 0x02, 0x32, 0x0a, 0x00, 0x0c, 0x25, 0x20, 0x80, 0x02, 
	0x32, 0x0a, 0x00, 0x0c, 0x25, 0x20, 0x00, 0x02, 0xe6, 0xff, 0x00, 0x10, 0x01, 0x00, 0x05, 0x24, 
	0x04, 0x00, 0x62, 0x8e, 0x08, 0x00, 0x63, 0x8e, 0x46, 0x00, 0x40, 0x10, 0x00, 0x00, 0x00, 0x00, 
	0x08, 0x00, 0x43, 0xac, 0x08, 0x00, 0x63, 0x8e, 0x00, 0x00, 0x00, 0x00, 0x43, 0x00, 0x60, 0x10, 
	0x00, 0x00, 0x00, 0x00, 0x04, 0x00, 0x62, 0xac, 0x44, 0x00, 0x42, 0x8e, 0xe0, 0xe2, 0x03, 0x3c, 
	0x00, 0x00, 0x05, 0x3c, 0x00, 0x47, 0xa5, 0x24, 0x10, 0x00, 0xa6, 0x8c, 0x00, 0x00, 0x43, 0xac, 
	0x10, 0x00, 0x63, 0x26, 0x04, 0x00, 0x43, 0xac, 0x17, 0x00, 0x63, 0x26, 0x0c, 0x00, 0x43, 0xac, 
	0x23, 0x18, 0x46, 0x00, 0x24, 0x00, 0xa4, 0x8c, 0x03, 0x19, 0x03, 0x00, 0x80, 0x18, 0x03, 0x00, 
	0x21, 0x18, 0x83, 0x00, 0x33, 0x00, 0x00, 0x12, 0x00, 0x00, 0x73, 0xac, 0x08, 0x00, 0x50, 0xac, 
	0x10, 0x00, 0x63, 0x82, 0x00, 0x00, 0x00, 0x00, 0x02, 0x00, 0x61, 0x04, 0xec, 0xe3, 0x02, 0x3c, 
	0xf4, 0xe3, 0x02, 0x3c, 0x1c, 0x00, 0x63, 0x8e, 0x00, 0x00, 0x02, 0xae, 0x18, 0x00, 0x62, 0x8e, 
	0xff, 0xff, 0x63, 0x24, 0x04, 0x00, 0x02, 0xae, 0x21, 0x10, 0x43, 0x00, 0x0c, 0x00, 0x02, 0xae, 
	0x08, 0x00, 0x11, 0xae, 0x23, 0x80, 0x06, 0x02, 0x03, 0x81, 0x10, 0x00, 0x80, 0x80, 0x10, 0x00, 
	0x21, 0x80, 0x90, 0x00, 0x00, 0x00, 0x13, 0xae, 0x10, 0x00, 0x63, 0x82, 0x00, 0x00, 0x00, 0x00, 
	0x02, 0x00, 0x61, 0x04, 0x10, 0xe3, 0x02, 0x3c, 0x08, 0xe3, 0x02, 0x3c, 0x00, 0x00, 0x22, 0xae, 
	0x04, 0x00, 0x20, 0xae, 0x0c, 0x00, 0x20, 0xae, 0x08, 0x00, 0x34, 0xae, 0x00, 0x00, 0xa3, 0x8c, 
	0x23, 0x88, 0x26, 0x02, 0x03, 0x89, 0x11, 0x00, 0x08, 0x00, 0x62, 0x8c, 0x80, 0x88, 0x11, 0x00, 
	0x21, 0x20, 0x91, 0x00, 0x00, 0x00, 0x93, 0xac, 0x02, 0x00, 0x42, 0x34, 0x44, 0x00, 0x54, 0xae, 
	0x08, 0x00, 0x62, 0xac, 0x1c, 0x00, 0x42, 0x8e, 0x00, 0x00, 0x00, 0x00, 0x03, 0x00, 0x40, 0x14, 
	0x00, 0x00, 0x00, 0x00, 0x28, 0x0d, 0x00, 0x0c, 0x25, 0x20, 0x40, 0x02, 0xa0, 0xff, 0x00, 0x10, 
	0x01, 0x00, 0x02, 0x24, 0xbb, 0xff, 0x00, 0x10, 0x20, 0x00, 0x43, 0xae, 0xbe, 0xff, 0x00, 0x10, 
	0x1c, 0x00, 0x42, 0xae, 0xe0, 0xff, 0x00, 0x10, 0x08, 0x00, 0x51, 0xac, 0x28, 0x0d, 0x00, 0x0c, 
	0x25, 0x20, 0x40, 0x02, 0x96, 0xff, 0x00, 0x10, 0x25, 0x10, 0x00, 0x00, 0xe0, 0xff, 0xbd, 0x27, 
	0x14, 0x00, 0xb0, 0xaf, 0x44, 0x00, 0x90, 0x8c, 0x1c, 0x00, 0xbf, 0xaf, 0x63, 0x00, 0x00, 0x12, 
	0x18, 0x00, 0xb1, 0xaf, 0x48, 0x00, 0x82, 0x8c, 0x00, 0x00, 0x00, 0x00, 0x01, 0x00, 0x42, 0x30, 
	0x5e, 0x00, 0x40, 0x14, 0x00, 0x00, 0x00, 0x00, 0x40, 0x00, 0x82, 0x94, 0x00, 0x00, 0x00, 0x00, 
	0x00, 0x40, 0x42, 0x30, 0x59, 0x00, 0x40, 0x14, 0x00, 0x00, 0x00, 0x00, 0x1c, 0x00, 0x91, 0x8c, 
	0x00, 0x00, 0x00, 0x00, 0x55, 0x00, 0x20, 0x12, 0x00, 0x00, 0x00, 0x00, 0x04, 0x0a, 0x00, 0x0c, 
	0x20, 0x00, 0xa4, 0xaf, 0x20, 0x00, 0xa4, 0x8f, 0x05, 0x00, 0x40, 0x14, 0x00, 0x00, 0x00, 0x00, 
	0x46, 0x0d, 0x00, 0x0c, 0x02, 0x00, 0x05, 0x24, 0x40, 0x00, 0x00, 0x10, 0x25, 0x10, 0x00, 0x00, 
	0x04, 0x00, 0x23, 0x8e, 0x08, 0x00, 0x25, 0x8e, 0x41, 0x00, 0x60, 0x10, 0x00, 0x00, 0x00, 0x00, 
	0x08, 0x00, 0x65, 0xac, 0x08, 0x00, 0x25, 0x8e, 0x00, 0x00, 0x00, 0x00, 0x3e, 0x00, 0xa0, 0x10, 
	0x00, 0x00, 0x00, 0x00, 0x04, 0x00, 0xa3, 0xac, 0x48, 0x00, 0x83, 0x8c, 0xf0, 0xff, 0x05, 0x24, 
	0x24, 0x18, 0x65, 0x00, 0x44, 0x00, 0x85, 0x8c, 0x00, 0x00, 0x06, 0x3c, 0x38, 0x00, 0xa3, 0x14, 
	0x00, 0x47, 0xc6, 0x24, 0x04, 0x00, 0xc3, 0x8c, 0x00, 0x00, 0x00, 0x00, 0x80, 0x00, 0x63, 0x94, 
	0x00, 0x00, 0x00, 0x00, 0xff, 0xff, 0x63, 0x30, 0x02, 0x00, 0x63, 0x24, 0x2c, 0x00, 0x25, 0x8e, 
	0x25, 0x38, 0x00, 0x00, 0x21, 0x18, 0x65, 0x00, 0xff, 0xff, 0x63, 0x30, 0x01, 0x00, 0x65, 0x24, 
	0x24, 0x00, 0x85, 0xac, 0x00, 0xe0, 0x05, 0x3c, 0x25, 0x18, 0x65, 0x00, 0x00, 0x00, 0x03, 0xae, 
	0x18, 0x00, 0x23, 0x8e, 0x00, 0xf0, 0x05, 0x24, 0x24, 0x28, 0x65, 0x00, 0x04, 0x00, 0x05, 0xae, 
	0x06, 0x00, 0x60, 0x10, 0x08, 0x00, 0x02, 0xae, 0x1c, 0x00, 0x25, 0x8e, 0x00, 0x00, 0x00, 0x00, 
	0x02, 0x00, 0xa0, 0x10, 0xff, 0xff, 0xa5, 0x24, 0x21, 0x38, 0x65, 0x00, 0xff, 0x0f, 0x63, 0x30, 
	0x00, 0xe0, 0x05, 0x24, 0x25, 0x18, 0x65, 0x00, 0x10, 0x00, 0x03, 0xa6, 0x1c, 0x00, 0xc3, 0x8c, 
	0x0c, 0x00, 0x07, 0xae, 0x23, 0x80, 0x03, 0x02, 0x43, 0x81, 0x10, 0x00, 0x28, 0x00, 0xc3, 0x8c, 
	0x80, 0x80, 0x10, 0x00, 0x21, 0x18, 0x70, 0x00, 0x00, 0x00, 0x71, 0xac, 0x44, 0x00, 0x82, 0xac, 
	0x1c, 0x00, 0x82, 0x8c, 0x00, 0x00, 0x00, 0x00, 0x04, 0x00, 0x40, 0x14, 0x01, 0x00, 0x02, 0x24, 
	0x28, 0x0d, 0x00, 0x0c, 0x00, 0x00, 0x00, 0x00, 0x01, 0x00, 0x02, 0x24, 0x1c, 0x00, 0xbf, 0x8f, 
	0x18, 0x00, 0xb1, 0x8f, 0x14, 0x00, 0xb0, 0x8f, 0x08, 0x00, 0xe0, 0x03, 0x20, 0x00, 0xbd, 0x27, 
	0xc0, 0xff, 0x00, 0x10, 0x20, 0x00, 0x85, 0xac, 0xc3, 0xff, 0x00, 0x10, 0x1c, 0x00, 0x83, 0xac, 
	0x24, 0x00, 0x83, 0x8c, 0xcd, 0xff, 0x00, 0x10, 0x00, 0x00, 0x00, 0x00, 0x28, 0x0d, 0x00, 0x0c, 
	0x00, 0x00, 0x00, 0x00, 0xf1, 0xff, 0x00, 0x10, 0x25, 0x10, 0x00, 0x00, 0xe0, 0xff, 0xbd, 0x27, 
	0x14, 0x00, 0xb0, 0xaf, 0x44, 0x00, 0x90, 0x8c, 0x1c, 0x00, 0xbf, 0xaf, 0x55, 0x00, 0x00, 0x12, 
	0x18, 0x00, 0xb1, 0xaf, 0x48, 0x00, 0x82, 0x8c, 0x00, 0x00, 0x00, 0x00, 0x01, 0x00, 0x42, 0x30, 
	0x50, 0x00, 0x40, 0x14, 0x00, 0x00, 0x00, 0x00, 0x40, 0x00, 0x82, 0x94, 0x00, 0x00, 0x00, 0x00, 
	0x00, 0x40, 0x42, 0x30, 0x4b, 0x00, 0x40, 0x14, 0x00, 0x00, 0x00, 0x00, 0x1c, 0x00, 0x91, 0x8c, 
	0x00, 0x00, 0x00, 0x00, 0x47, 0x00, 0x20, 0x12, 0x00, 0x00, 0x00, 0x00, 0x26, 0x0a, 0x00, 0x0c, 
	0x20, 0x00, 0xa4, 0xaf, 0x20, 0x00, 0xa4, 0x8f, 0x05, 0x00, 0x40, 0x14, 0x00, 0x00, 0x00, 0x00, 
	0x46, 0x0d, 0x00, 0x0c, 0x01, 0x00, 0x05, 0x24, 0x33, 0x00, 0x00, 0x10, 0x25, 0x10, 0x00, 0x00, 
	0x04, 0x00, 0x23, 0x8e, 0x08, 0x00, 0x25, 0x8e, 0x34, 0x00, 0x60, 0x10, 0x00, 0x00, 0x00, 0x00, 
	0x08, 0x00, 0x65, 0xac, 0x08, 0x00, 0x25, 0x8e, 0x00, 0x00, 0x00, 0x00, 0x31, 0x00, 0xa0, 0x10, 
	0x00, 0x00, 0x00, 0x00, 0x04, 0x00, 0xa3, 0xac, 0x1c, 0xe0, 0x03, 0x3c, 0x00, 0x00, 0x03, 0xae, 
	0x18, 0x00, 0x23, 0x8e, 0x08, 0x00, 0x02, 0xae, 0x06, 0x00, 0x60, 0x10, 0x04, 0x00, 0x03, 0xae, 
	0x1c, 0x00, 0x25, 0x8e, 0x00, 0x00, 0x00, 0x00, 0x28, 0x00, 0xa0, 0x10, 0xff, 0xff, 0xa5, 0x24, 
	0x21, 0x18, 0x65, 0x00, 0x0c, 0x00, 0x03, 0xae, 0x00, 0x00, 0x03, 0x3c, 0x00, 0x47, 0x63, 0x24, 
	0x10, 0x00, 0x65, 0x8c, 0x00, 0x00, 0x00, 0x00, 0x23, 0x80, 0x05, 0x02, 0x03, 0x81, 0x10, 0x00, 
	0x24, 0x00, 0x65, 0x8c, 0x80, 0x80, 0x10, 0x00, 0x21, 0x28, 0xb0, 0x00, 0x00, 0x00, 0xb1, 0xac, 
	0x04, 0x00, 0x85, 0x90, 0x44, 0x00, 0x82, 0xac, 0x40, 0x00, 0x02, 0x24, 0x07, 0x00, 0xa2, 0x14, 
	0x00, 0x00, 0x00, 0x00, 0x00, 0x00, 0x63, 0x8c, 0x00, 0x00, 0x00, 0x00, 0x08, 0x00, 0x62, 0x8c, 
	0x00, 0x00, 0x00, 0x00, 0x04, 0x00, 0x42, 0x34, 0x08, 0x00, 0x62, 0xac, 0x1c, 0x00, 0x82, 0x8c, 
	0x00, 0x00, 0x00, 0x00, 0x04, 0x00, 0x40, 0x14, 0x01, 0x00, 0x02, 0x24, 0x28, 0x0d, 0x00, 0x0c, 
	0x00, 0x00, 0x00, 0x00, 0x01, 0x00, 0x02, 0x24, 0x1c, 0x00, 0xbf, 0x8f, 0x18, 0x00, 0xb1, 0x8f, 
	0x14, 0x00, 0xb0, 0x8f, 0x08, 0x00, 0xe0, 0x03, 0x20, 0x00, 0xbd, 0x27, 0xcd, 0xff, 0x00, 0x10, 
	0x20, 0x00, 0x85, 0xac, 0xd0, 0xff, 0x00, 0x10, 0x1c, 0x00, 0x83, 0xac, 0xd9, 0xff, 0x00, 0x10, 
	0x25, 0x18, 0x00, 0x00, 0x28, 0x0d, 0x00, 0x0c, 0x00, 0x00, 0x00, 0x00, 0xf2, 0xff, 0x00, 0x10, 
	0x25, 0x10, 0x00, 0x00, 0x04, 0x00, 0x82, 0x90, 0x3f, 0x00, 0x03, 0x24, 0x03, 0x00, 0x43, 0x14, 
	0x41, 0x00, 0x03, 0x24, 0x60, 0x0d, 0x00, 0x08, 0x00, 0x00, 0x00, 0x00, 0x03, 0x00, 0x43, 0x14, 
	0x00, 0x00, 0x00, 0x00, 0xf3, 0x0d, 0x00, 0x08, 0x00, 0x00, 0x00, 0x00, 0x5f, 0x0e, 0x00, 0x08, 
	0x00, 0x00, 0x00, 0x00, 0x01, 0x00, 0x03, 0x24, 0x00, 0x00, 0x02, 0x3c, 0x00, 0x47, 0x42, 0x24, 
	0x07, 0x00, 0x83, 0x14, 0x02, 0x00, 0x03, 0x24, 0x0c, 0x00, 0x43, 0x8c, 0x00, 0x00, 0x00, 0x00, 
	0x09, 0x00, 0x60, 0x14, 0x00, 0x00, 0x00, 0x00, 0x08, 0x00, 0xe0, 0x03, 0x00, 0x00, 0x00, 0x00, 
	0x05, 0x00, 0x83, 0x14, 0x00, 0x00, 0x00, 0x00, 0x18, 0x00, 0x43, 0x8c, 0x00, 0x00, 0x00, 0x00, 
	0x0a, 0x00, 0x60, 0x10, 0x00, 0x00, 0x00, 0x00, 0x13, 0x00, 0x84, 0x24, 0x80, 0x20, 0x04, 0x00, 
	0x21, 0x10, 0x44, 0x00, 0x00, 0x00, 0x44, 0x8c, 0x00, 0x00, 0x00, 0x00, 0x03, 0x00, 0x80, 0x10, 
	0x00, 0x00, 0x00, 0x00, 0xbd, 0x0e, 0x00, 0x08, 0x00, 0x00, 0x00, 0x00, 0x08, 0x00, 0xe0, 0x03, 
	0x00, 0x00, 0x00, 0x00, 0x18, 0x00, 0x83, 0x8c, 0x00, 0x00, 0x00, 0x00, 0x1d, 0x00, 0x60, 0x10, 
	0x21, 0x01, 0x02, 0x24, 0x00, 0x00, 0xa3, 0x8c, 0x00, 0x00, 0x00, 0x00, 0x19, 0x00, 0x60, 0x14, 
	0x00, 0x00, 0x00, 0x00, 0xe8, 0xff, 0xbd, 0x27, 0x01, 0x00, 0x02, 0x24, 0x00, 0x00, 0xa2, 0xac, 
	0x28, 0x00, 0xa2, 0x8f, 0x14, 0x00, 0xbf, 0xaf, 0x20, 0x00, 0xa2, 0xac, 0x20, 0x00, 0x82, 0x8c, 
	0x0c, 0x00, 0xa4, 0xac, 0x18, 0x00, 0xa6, 0xac, 0x1c, 0x00, 0xa7, 0xac, 0x24, 0x00, 0xa0, 0xac, 
	0x28, 0x00, 0xa0, 0xac, 0x04, 0x00, 0xa0, 0xac, 0x08, 0x00, 0x40, 0x10, 0x08, 0x00, 0xa2, 0xac, 
	0x04, 0x00, 0x45, 0xac, 0xbd, 0x0e, 0x00, 0x0c, 0x20, 0x00, 0x85, 0xac, 0x14, 0x00, 0xbf, 0x8f, 
	0x25, 0x10, 0x00, 0x00, 0x08, 0x00, 0xe0, 0x03, 0x18, 0x00, 0xbd, 0x27, 0xf9, 0xff, 0x00, 0x10, 
	0x1c, 0x00, 0x85, 0xac, 0x08, 0x00, 0xe0, 0x03, 0x00, 0x00, 0x00, 0x00, 0x00, 0x00, 0xac, 0x8c, 
	0x25, 0x40, 0xc0, 0x00, 0x25, 0x18, 0xe0, 0x00, 0x10, 0x00, 0xab, 0x97, 0x14, 0x00, 0xaa, 0x97, 
	0x18, 0x00, 0xa7, 0x97, 0x1c, 0x00, 0xa6, 0x8f, 0x20, 0x00, 0xa9, 0x8f, 0x08, 0x00, 0x80, 0x15, 
	0x00, 0x00, 0x00, 0x00, 0x10, 0x00, 0xa8, 0xa0, 0x11, 0x00, 0xa3, 0xa0, 0x12, 0x00, 0xab, 0xa4, 
	0x14, 0x00, 0xaa, 0xa4, 0x16, 0x00, 0xa7, 0xa4, 0xe5, 0x0e, 0x00, 0x08, 0x10, 0x00, 0xa9, 0xaf, 
	0x08, 0x00, 0xe0, 0x03, 0x21, 0x01, 0x02, 0x24, 0x00, 0x00, 0x00, 0x00, 0x00, 0x00, 0x00, 0x00, 
	0xa8, 0xff, 0xbd, 0x27, 0x54, 0x00, 0xbf, 0xaf, 0x50, 0x00, 0xb0, 0xaf, 0x00, 0x00, 0x04, 0x3c, 
	0x80, 0x47, 0x84, 0x8c, 0x4c, 0x00, 0xa7, 0x27, 0x11, 0x00, 0x06, 0x24, 0x03, 0x11, 0x00, 0x0c, 
	0x01, 0x00, 0x05, 0x24, 0xe3, 0x10, 0x00, 0x0c, 0x48, 0x00, 0xa4, 0x27, 0x00, 0x00, 0x10, 0x3c, 
	0x88, 0x47, 0x10, 0x8e, 0x00, 0x00, 0x00, 0x00, 0x0b, 0x00, 0x00, 0x12, 0x00, 0x00, 0x00, 0x00, 
	0x04, 0x00, 0x02, 0x8e, 0x08, 0x00, 0x03, 0x8e, 0x20, 0x00, 0x40, 0x10, 0x00, 0x00, 0x00, 0x00, 
	0x08, 0x00, 0x43, 0xac, 0x08, 0x00, 0x03, 0x8e, 0x00, 0x00, 0x00, 0x00, 0x1e, 0x00, 0x60, 0x10, 
	0x00, 0x00, 0x00, 0x00, 0x04, 0x00, 0x62, 0xac, 0x48, 0x00, 0xa4, 0x8f, 0xe5, 0x10, 0x00, 0x0c, 
	0x00, 0x00, 0x00, 0x00, 0xe5, 0xff, 0x00, 0x12, 0x38, 0x00, 0x06, 0x24, 0x25, 0x28, 0x00, 0x02, 
	0xd0, 0x10, 0x00, 0x0c, 0x10, 0x00, 0xa4, 0x27, 0x50, 0x0b, 0x00, 0x0c, 0x00, 0x00, 0x00, 0x00, 
	0x22, 0x0b, 0x00, 0x0c, 0x25, 0x20, 0x00, 0x02, 0x54, 0x0b, 0x00, 0x0c, 0x00, 0x00, 0x00, 0x00, 
	0x40, 0x00, 0xa2, 0x8f, 0x00, 0x00, 0x00, 0x00, 0xde, 0xff, 0x40, 0x10, 0x00, 0x00, 0x00, 0x00, 
	0x44, 0x00, 0xa6, 0x8f, 0x38, 0x00, 0xa5, 0x8f, 0x34, 0x00, 0xa4, 0x8f, 0x09, 0xf8, 0x40, 0x00, 
	0x00, 0x00, 0x00, 0x00, 0xd7, 0xff, 0x00, 0x10, 0x00, 0x00, 0x00, 0x00, 0x00, 0x00, 0x01, 0x3c, 
	0xe0, 0xff, 0x00, 0x10, 0x84, 0x47, 0x23, 0xac, 0x00, 0x00, 0x01, 0x3c, 0xe2, 0xff, 0x00, 0x10, 
	0x88, 0x47, 0x22, 0xac, 0xe0, 0xff, 0xbd, 0x27, 0x10, 0x00, 0xb0, 0xaf, 0x1c, 0x00, 0xbf, 0xaf, 
	0x18, 0x00, 0xb2, 0xaf, 0x14, 0x00, 0xb1, 0xaf, 0x08, 0x00, 0x80, 0x10, 0x25, 0x80, 0x00, 0x00, 
	0x25, 0x90, 0xa0, 0x00, 0x54, 0x0b, 0x00, 0x0c, 0x25, 0x88, 0x80, 0x00, 0x09, 0xf8, 0x20, 0x02, 
	0x25, 0x20, 0x40, 0x02, 0x50, 0x0b, 0x00, 0x0c, 0x25, 0x80, 0x40, 0x00, 0x1c, 0x00, 0xbf, 0x8f, 
	0x18, 0x00, 0xb2, 0x8f, 0x14, 0x00, 0xb1, 0x8f, 0x25, 0x10, 0x00, 0x02, 0x10, 0x00, 0xb0, 0x8f, 
	0x08, 0x00, 0xe0, 0x03, 0x20, 0x00, 0xbd, 0x27, 0xe0, 0xff, 0xbd, 0x27, 0x10, 0x00, 0xb0, 0xaf, 
	0x1c, 0x00, 0x90, 0x8c, 0x18, 0x00, 0xb2, 0xaf, 0x14, 0x00, 0xb1, 0xaf, 0x1c, 0x00, 0xbf, 0xaf, 
	0x25, 0x88, 0xa0, 0x00, 0x05, 0x00, 0x12, 0x24, 0x07, 0x00, 0x00, 0x16, 0x00, 0x00, 0x00, 0x00, 
	0x1c, 0x00, 0xbf, 0x8f, 0x18, 0x00, 0xb2, 0x8f, 0x14, 0x00, 0xb1, 0x8f, 0x10, 0x00, 0xb0, 0x8f, 
	0x08, 0x00, 0xe0, 0x03, 0x20, 0x00, 0xbd, 0x27, 0x18, 0x00, 0x02, 0x92, 0x00, 0x00, 0x00, 0x00, 
	0x11, 0x00, 0x52, 0x14, 0x00, 0x00, 0x00, 0x00, 0x14, 0x00, 0x02, 0x8e, 0x00, 0x00, 0x00, 0x00, 
	0x10, 0x00, 0x40, 0x14, 0x00, 0x00, 0x00, 0x00, 0x2c, 0x00, 0x26, 0x8e, 0x00, 0x00, 0x05, 0x8e, 
	0x0c, 0x00, 0x24, 0x8e, 0x55, 0x0f, 0x00, 0x0c, 0x00, 0x00, 0x00, 0x00, 0x06, 0x00, 0x40, 0x10, 
	0x00, 0x00, 0x00, 0x00, 0x2c, 0x00, 0x26, 0x8e, 0x00, 0x00, 0x05, 0x8e, 0x10, 0x00, 0x24, 0x8e, 
	0x55, 0x0f, 0x00, 0x0c, 0x14, 0x00, 0x11, 0xae, 0x04, 0x00, 0x10, 0x8e, 0xe2, 0xff, 0x00, 0x10, 
	0x00, 0x00, 0x00, 0x00, 0x1c, 0x00, 0x02, 0x8e, 0x00, 0x00, 0x00, 0x00, 0xfa, 0xff, 0x40, 0x10, 
	0x25, 0x28, 0x20, 0x02, 0x6a, 0x0f, 0x00, 0x0c, 0x25, 0x20, 0x00, 0x02, 0xf6, 0xff, 0x00, 0x10, 
	0x00, 0x00, 0x00, 0x00, 0x00, 0x00, 0x83, 0x8c, 0x00, 0x00, 0x00, 0x00, 0x2f, 0x00, 0x60, 0x14, 
	0x21, 0x01, 0x02, 0x24, 0x04, 0x00, 0x83, 0x8c, 0x00, 0x00, 0x00, 0x00, 0x2b, 0x00, 0x60, 0x14, 
	0x00, 0x00, 0x00, 0x00, 0x00, 0x00, 0x03, 0x3c, 0x94, 0x47, 0x63, 0x8c, 0x00, 0x00, 0x00, 0x00, 
	0x26, 0x00, 0x64, 0x10, 0x00, 0x00, 0x00, 0x00, 0x08, 0x00, 0x83, 0x8c, 0x00, 0x00, 0x00, 0x00, 
	0x22, 0x00, 0x60, 0x10, 0x04, 0x01, 0x02, 0x24, 0x18, 0x00, 0x83, 0x8c, 0x00, 0x00, 0x00, 0x00, 
	0x1e, 0x00, 0x60, 0x14, 0x00, 0x00, 0x00, 0x00, 0x1c, 0x00, 0x83, 0x8c, 0x00, 0x00, 0x00, 0x00, 
	0x1a, 0x00, 0x60, 0x14, 0x00, 0x00, 0x00, 0x00, 0x00, 0x00, 0x02, 0x3c, 0x90, 0x47, 0x42, 0x8c, 
	0x2c, 0x00, 0x85, 0xac, 0x11, 0x00, 0x40, 0x10, 0x04, 0x00, 0x82, 0xac, 0x00, 0x00, 0x44, 0xac, 
	0x0c, 0x00, 0x82, 0x8c, 0x00, 0x00, 0x01, 0x3c, 0x90, 0x47, 0x24, 0xac, 0x0e, 0x00, 0x40, 0x10, 
	0x25, 0x28, 0x80, 0x00, 0x00, 0x00, 0x04, 0x3c, 0x68, 0x47, 0x84, 0x8c, 0xe8, 0xff, 0xbd, 0x27, 
	0x14, 0x00, 0xbf, 0xaf, 0x6a, 0x0f, 0x00, 0x0c, 0x00, 0x00, 0x00, 0x00, 0x14, 0x00, 0xbf, 0x8f, 
	0x25, 0x10, 0x00, 0x00, 0x08, 0x00, 0xe0, 0x03, 0x18, 0x00, 0xbd, 0x27, 0x00, 0x00, 0x01, 0x3c, 
	0xef, 0xff, 0x00, 0x10, 0x94, 0x47, 0x24, 0xac, 0x25, 0x10, 0x00, 0x00, 0x08, 0x00, 0xe0, 0x03, 
	0x00, 0x00, 0x00, 0x00, 0x00, 0x00, 0x83, 0x8c, 0x00, 0x00, 0x00, 0x00, 0x27, 0x00, 0x60, 0x14, 
	0x04, 0x01, 0x02, 0x24, 0x04, 0x00, 0x83, 0x8c, 0x00, 0x00, 0x00, 0x00, 0x23, 0x00, 0x60, 0x14, 
	0x00, 0x00, 0x00, 0x00, 0x08, 0x00, 0x83, 0x8c, 0x00, 0x00, 0x00, 0x00, 0x1f, 0x00, 0x60, 0x10, 
	0x00, 0x00, 0x00, 0x00, 0x18, 0x00, 0x83, 0x8c, 0x00, 0x00, 0x00, 0x00, 0x1b, 0x00, 0x60, 0x14, 
	0x00, 0x00, 0x00, 0x00, 0x1c, 0x00, 0x83, 0x8c, 0x00, 0x00, 0x00, 0x00, 0x17, 0x00, 0x60, 0x14, 
	0x00, 0x00, 0x00, 0x00, 0x00, 0x00, 0x03, 0x3c, 0x8c, 0x47, 0x63, 0x8c, 0x00, 0x00, 0x00, 0x00, 
	0x12, 0x00, 0x60, 0x14, 0x21, 0x01, 0x02, 0x24, 0x0c, 0x00, 0x82, 0x8c, 0x2c, 0x00, 0x85, 0xac, 
	0x00, 0x00, 0x01, 0x3c, 0x8c, 0x47, 0x24, 0xac, 0x0b, 0x00, 0x40, 0x10, 0x25, 0x28, 0x80, 0x00, 
	0x00, 0x00, 0x04, 0x3c, 0x68, 0x47, 0x84, 0x8c, 0xe8, 0xff, 0xbd, 0x27, 0x14, 0x00, 0xbf, 0xaf, 
	0x6a, 0x0f, 0x00, 0x0c, 0x00, 0x00, 0x00, 0x00, 0x14, 0x00, 0xbf, 0x8f, 0x25, 0x10, 0x00, 0x00, 
	0x08, 0x00, 0xe0, 0x03, 0x18, 0x00, 0xbd, 0x27, 0x25, 0x10, 0x00, 0x00, 0x08, 0x00, 0xe0, 0x03, 
	0x00, 0x00, 0x00, 0x00, 0x14, 0x00, 0x82, 0x8c, 0xe0, 0xff, 0xbd, 0x27, 0x14, 0x00, 0xb1, 0xaf, 
	0x10, 0x00, 0xb0, 0xaf, 0x1c, 0x00, 0xbf, 0xaf, 0x18, 0x00, 0xb2, 0xaf, 0x25, 0x80, 0x80, 0x00, 
	0x07, 0x00, 0x45, 0x14, 0x25, 0x88, 0xa0, 0x00, 0x0c, 0x00, 0x82, 0x8c, 0x00, 0x00, 0x00, 0x00, 
	0x0d, 0x00, 0x40, 0x14, 0x00, 0x00, 0x00, 0x00, 0x14, 0x00, 0x00, 0xae, 0x2c, 0x00, 0x00, 0xae, 
	0x1c, 0x00, 0x10, 0x8e, 0x00, 0x00, 0x00, 0x00, 0x10, 0x00, 0x00, 0x16, 0x25, 0x20, 0x00, 0x02, 
	0x1c, 0x00, 0xbf, 0x8f, 0x18, 0x00, 0xb2, 0x8f, 0x14, 0x00, 0xb1, 0x8f, 0x10, 0x00, 0xb0, 0x8f, 
	0x08, 0x00, 0xe0, 0x03, 0x20, 0x00, 0xbd, 0x27, 0x08, 0x00, 0x45, 0x8c, 0x00, 0x00, 0x00, 0x00, 
	0xf1, 0xff, 0xa0, 0x10, 0x00, 0x00, 0x00, 0x00, 0x08, 0x00, 0xb2, 0x8c, 0x9f, 0x05, 0x00, 0x0c, 
	0x25, 0x20, 0x00, 0x02, 0xfa, 0xff, 0x00, 0x10, 0x25, 0x28, 0x40, 0x02, 0xf9, 0x0f, 0x00, 0x0c, 
	0x25, 0x28, 0x20, 0x02, 0x04, 0x00, 0x10, 0x8e, 0xeb, 0xff, 0x00, 0x10, 0x00, 0x00, 0x00, 0x00, 
	0x00, 0x00, 0x01, 0x3c, 0x8c, 0x47, 0x20, 0xac, 0x08, 0x00, 0xe0, 0x03, 0x25, 0x10, 0x00, 0x00, 
	0x00, 0x00, 0x02, 0x3c, 0x94, 0x47, 0x42, 0x8c, 0x25, 0x28, 0x80, 0x00, 0x03, 0x00, 0x40, 0x14, 
	0x00, 0x00, 0x00, 0x00, 0x08, 0x00, 0xe0, 0x03, 0x04, 0x01, 0x02, 0x24, 0x1a, 0x00, 0x45, 0x14, 
	0x00, 0x00, 0x00, 0x00, 0x00, 0x00, 0xa2, 0x8c, 0xe8, 0xff, 0xbd, 0x27, 0x04, 0x00, 0xa3, 0x8c, 
	0x0f, 0x00, 0x40, 0x10, 0x14, 0x00, 0xbf, 0xaf, 0x04, 0x00, 0x43, 0xac, 0x04, 0x00, 0xa3, 0x8c, 
	0x00, 0x00, 0x00, 0x00, 0x0d, 0x00, 0x60, 0x10, 0x00, 0x00, 0x00, 0x00, 0x00, 0x00, 0x62, 0xac, 
	0x00, 0x00, 0x04, 0x3c, 0x68, 0x47, 0x84, 0x8c, 0xf9, 0x0f, 0x00, 0x0c, 0x00, 0x00, 0x00, 0x00, 
	0x14, 0x00, 0xbf, 0x8f, 0x25, 0x10, 0x00, 0x00, 0x08, 0x00, 0xe0, 0x03, 0x18, 0x00, 0xbd, 0x27, 
	0x00, 0x00, 0x01, 0x3c, 0xf1, 0xff, 0x00, 0x10, 0x90, 0x47, 0x23, 0xac, 0x00, 0x00, 0x01, 0x3c, 
	0xf3, 0xff, 0x00, 0x10, 0x94, 0x47, 0x22, 0xac, 0x00, 0x00, 0x42, 0x8c, 0xdf, 0xff, 0x00, 0x10, 
	0x00, 0x00, 0x00, 0x00, 0xe0, 0xff, 0xbd, 0x27, 0x18, 0x00, 0xb1, 0xaf, 0x00, 0x00, 0x11, 0x3c, 
	0x94, 0x47, 0x31, 0x8e, 0x14, 0x00, 0xb0, 0xaf, 0x1c, 0x00, 0xbf, 0xaf, 0x25, 0x80, 0x80, 0x00, 
	0x12, 0x00, 0x20, 0x16, 0x00, 0x00, 0x00, 0x00, 0x00, 0x00, 0x11, 0x3c, 0x8c, 0x47, 0x31, 0x8e, 
	0x00, 0x00, 0x00, 0x00, 0x08, 0x00, 0x20, 0x12, 0x00, 0x00, 0x00, 0x00, 0x2c, 0x00, 0x26, 0x8e, 
	0x00, 0x00, 0x05, 0x8e, 0x0c, 0x00, 0x24, 0x8e, 0x55, 0x0f, 0x00, 0x0c, 0x00, 0x00, 0x00, 0x00, 
	0x0d, 0x00, 0x40, 0x14, 0x00, 0x00, 0x00, 0x00, 0x1c, 0x00, 0xbf, 0x8f, 0x18, 0x00, 0xb1, 0x8f, 
	0x14, 0x00, 0xb0, 0x8f, 0x08, 0x00, 0xe0, 0x03, 0x20, 0x00, 0xbd, 0x27, 0x2c, 0x00, 0x26, 0x8e, 
	0x00, 0x00, 0x05, 0x8e, 0x0c, 0x00, 0x24, 0x8e, 0x55, 0x0f, 0x00, 0x0c, 0x00, 0x00, 0x00, 0x00, 
	0x0a, 0x00, 0x40, 0x10, 0x00, 0x00, 0x00, 0x00, 0x14, 0x00, 0x11, 0xae, 0x2c, 0x00, 0x26, 0x8e, 
	0x00, 0x00, 0x05, 0x8e, 0x10, 0x00, 0x24, 0x8e, 0x1c, 0x00, 0xbf, 0x8f, 0x18, 0x00, 0xb1, 0x8f, 
	0x14, 0x00, 0xb0, 0x8f, 0x55, 0x0f, 0x00, 0x08, 0x20, 0x00, 0xbd, 0x27, 0x00, 0x00, 0x31, 0x8e, 
	0xdb, 0xff, 0x00, 0x10, 0x00, 0x00, 0x00, 0x00, 0xe0, 0xff, 0xbd, 0x27, 0x18, 0x00, 0xb0, 0xaf, 
	0x25, 0x80, 0x80, 0x00, 0x1c, 0x00, 0xbf, 0xaf, 0xe3, 0x10, 0x00, 0x0c, 0x10, 0x00, 0xa4, 0x27, 
	0x00, 0x00, 0x02, 0x3c, 0x84, 0x47, 0x42, 0x8c, 0x04, 0x00, 0x00, 0xae, 0x0e, 0x00, 0x40, 0x10, 
	0x08, 0x00, 0x02, 0xae, 0x04, 0x00, 0x50, 0xac, 0x10, 0x00, 0xa4, 0x8f, 0x00, 0x00, 0x01, 0x3c, 
	0xe5, 0x10, 0x00, 0x0c, 0x84, 0x47, 0x30, 0xac, 0x00, 0x00, 0x04, 0x3c, 0x80, 0x47, 0x84, 0x8c, 
	0xff, 0x10, 0x00, 0x0c, 0x01, 0x00, 0x05, 0x24, 0x1c, 0x00, 0xbf, 0x8f, 0x18, 0x00, 0xb0, 0x8f, 
	0x08, 0x00, 0xe0, 0x03, 0x20, 0x00, 0xbd, 0x27, 0x00, 0x00, 0x01, 0x3c, 0xf2, 0xff, 0x00, 0x10, 
	0x88, 0x47, 0x30, 0xac, 0xc8, 0xff, 0xbd, 0x27, 0x24, 0x00, 0xa4, 0x27, 0x34, 0x00, 0xbf, 0xaf, 
	0x2c, 0x00, 0xa0, 0xaf, 0x28, 0x00, 0xa0, 0xaf, 0xfd, 0x10, 0x00, 0x0c, 0x24, 0x00, 0xa0, 0xaf, 
	0x00, 0x00, 0x01, 0x3c, 0x80, 0x47, 0x22, 0xac, 0x00, 0x02, 0x02, 0x3c, 0x10, 0x00, 0xa2, 0xaf, 
	0x00, 0x00, 0x02, 0x3c, 0x70, 0x3c, 0x42, 0x24, 0x18, 0x00, 0xa2, 0xaf, 0x00, 0x40, 0x02, 0x24, 
	0x1c, 0x00, 0xa2, 0xaf, 0x00, 0x00, 0x02, 0x3c, 0xb4, 0x46, 0x42, 0x8c, 0x10, 0x00, 0xa4, 0x27, 
	0x14, 0x00, 0xa0, 0xaf, 0x0c, 0x11, 0x00, 0x0c, 0x20, 0x00, 0xa2, 0xaf, 0x25, 0x20, 0x40, 0x00, 
	0x00, 0x00, 0x01, 0x3c, 0xc0, 0x46, 0x22, 0xac, 0x0e, 0x11, 0x00, 0x0c, 0x25, 0x28, 0x00, 0x00, 
	0x34, 0x00, 0xbf, 0x8f, 0x25, 0x10, 0x00, 0x00, 0x08, 0x00, 0xe0, 0x03, 0x38, 0x00, 0xbd, 0x27, 
	0x00, 0x00, 0xe0, 0x41, 0x00, 0x00, 0x00, 0x00, 0x01, 0x01, 0x00, 0x00, 0x6c, 0x6f, 0x61, 0x64, 
	0x63, 0x6f, 0x72, 0x65, 0x08, 0x00, 0xe0, 0x03, 0x06, 0x00, 0x00, 0x24, 0x00, 0x00, 0x00, 0x00, 
	0x00, 0x00, 0x00, 0x00, 0x00, 0x00, 0xe0, 0x41, 0x00, 0x00, 0x00, 0x00, 0x02, 0x01, 0x00, 0x00, 
	0x73, 0x74, 0x64, 0x69, 0x6f, 0x00, 0x00, 0x00, 0x08, 0x00, 0xe0, 0x03, 0x04, 0x00, 0x00, 0x24, 
	0x00, 0x00, 0x00, 0x00, 0x00, 0x00, 0x00, 0x00, 0x00, 0x00, 0xe0, 0x41, 0x00, 0x00, 0x00, 0x00, 
	0x01, 0x01, 0x00, 0x00, 0x73, 0x79, 0x73, 0x6d, 0x65, 0x6d, 0x00, 0x00, 0x08, 0x00, 0xe0, 0x03, 
	0x04, 0x00, 0x00, 0x24, 0x00, 0x00, 0x00, 0x00, 0x00, 0x00, 0x00, 0x00, 0x00, 0x00, 0xe0, 0x41, 
	0x00, 0x00, 0x00, 0x00, 0x01, 0x01, 0x00, 0x00, 0x73, 0x79, 0x73, 0x63, 0x6c, 0x69, 0x62, 0x00, 
	0x08, 0x00, 0xe0, 0x03, 0x0c, 0x00, 0x00, 0x24, 0x08, 0x00, 0xe0, 0x03, 0x0e, 0x00, 0x00, 0x24, 
	0x08, 0x00, 0xe0, 0x03, 0x24, 0x00, 0x00, 0x24, 0x00, 0x00, 0x00, 0x00, 0x00, 0x00, 0x00, 0x00, 
	0x00, 0x00, 0xe0, 0x41, 0x00, 0x00, 0x00, 0x00, 0x02, 0x01, 0x00, 0x00, 0x69, 0x6e, 0x74, 0x72, 
	0x6d, 0x61, 0x6e, 0x00, 0x08, 0x00, 0xe0, 0x03, 0x07, 0x00, 0x00, 0x24, 0x08, 0x00, 0xe0, 0x03, 
	0x06, 0x00, 0x00, 0x24, 0x08, 0x00, 0xe0, 0x03, 0x04, 0x00, 0x00, 0x24, 0x08, 0x00, 0xe0, 0x03, 
	0x11, 0x00, 0x00, 0x24, 0x08, 0x00, 0xe0, 0x03, 0x12, 0x00, 0x00, 0x24, 0x00, 0x00, 0x00, 0x00, 
	0x00, 0x00, 0x00, 0x00, 0x00, 0x00, 0xe0, 0x41, 0x00, 0x00, 0x00, 0x00, 0x02, 0x01, 0x00, 0x00, 
	0x74, 0x68, 0x73, 0x65, 0x6d, 0x61, 0x70, 0x00, 0x08, 0x00, 0xe0, 0x03, 0x04, 0x00, 0x00, 0x24, 
	0x08, 0x00, 0xe0, 0x03, 0x08, 0x00, 0x00, 0x24, 0x08, 0x00, 0xe0, 0x03, 0x06, 0x00, 0x00, 0x24, 
	0x08, 0x00, 0xe0, 0x03, 0x05, 0x00, 0x00, 0x24, 0x00, 0x00, 0x00, 0x00, 0x00, 0x00, 0x00, 0x00, 
	0x00, 0x00, 0xe0, 0x41, 0x00, 0x00, 0x00, 0x00, 0x01, 0x01, 0x00, 0x00, 0x74, 0x68, 0x65, 0x76, 
	0x65, 0x6e, 0x74, 0x00, 0x08, 0x00, 0xe0, 0x03, 0x04, 0x00, 0x00, 0x24, 0x08, 0x00, 0xe0, 0x03, 
	0x06, 0x00, 0x00, 0x24, 0x08, 0x00, 0xe0, 0x03, 0x07, 0x00, 0x00, 0x24, 0x08, 0x00, 0xe0, 0x03, 
	0x0a, 0x00, 0x00, 0x24, 0x00, 0x00, 0x00, 0x00, 0x00, 0x00, 0x00, 0x00, 0x00, 0x00, 0xe0, 0x41, 
	0x00, 0x00, 0x00, 0x00, 0x01, 0x01, 0x00, 0x00, 0x74, 0x68, 0x62, 0x61, 0x73, 0x65, 0x00, 0x00, 
	0x08, 0x00, 0xe0, 0x03, 0x04, 0x00, 0x00, 0x24, 0x08, 0x00, 0xe0, 0x03, 0x06, 0x00, 0x00, 0x24, 
	0x08, 0x00, 0xe0, 0x03, 0x05, 0x00, 0x00, 0x24, 0x08, 0x00, 0xe0, 0x03, 0x21, 0x00, 0x00, 0x24, 
	0x08, 0x00, 0xe0, 0x03, 0x0e, 0x00, 0x00, 0x24, 0x00, 0x00, 0x00, 0x00, 0x00, 0x00, 0x00, 0x00, 
	0x00, 0x00, 0xc0, 0x41, 0x00, 0x00, 0x00, 0x00, 0x01, 0x01, 0x00, 0x00, 0x75, 0x73, 0x62, 0x64, 
	0x00, 0x00, 0x00, 0x00, 0xf0, 0x32, 0x00, 0x00, 0xbc, 0x44, 0x00, 0x00, 0xbc, 0x44, 0x00, 0x00, 
	0xbc, 0x44, 0x00, 0x00, 0x90, 0x21, 0x00, 0x00, 0x28, 0x22, 0x00, 0x00, 0xb0, 0x22, 0x00, 0x00, 
	0x84, 0x23, 0x00, 0x00, 0xf0, 0x23, 0x00, 0x00, 0x44, 0x24, 0x00, 0x00, 0xc4, 0x24, 0x00, 0x00, 
	0x24, 0x25, 0x00, 0x00, 0xe8, 0x26, 0x00, 0x00, 0x18, 0x23, 0x00, 0x00, 0xdc, 0x21, 0x00, 0x00, 
	0x70, 0x22, 0x00, 0x00, 0x68, 0x27, 0x00, 0x00, 0x00, 0x00, 0x00, 0x00, 0x08, 0x00, 0xe0, 0x03, 
	0x00, 0x00, 0x00, 0x00, 0x00, 0x00, 0x00, 0x00, 0x00, 0x00, 0x00, 0x00, 0x00, 0x00, 0x00, 0x00, 
	0x10, 0x46, 0x00, 0x00, 0x90, 0x46, 0x00, 0x00, 0x00, 0x00, 0x00, 0x00, 0x18, 0x46, 0x00, 0x00, 
	0x94, 0x46, 0x00, 0x00, 0x00, 0x00, 0x00, 0x00, 0x1c, 0x46, 0x00, 0x00, 0x98, 0x46, 0x00, 0x00, 
	0x00, 0x00, 0x00, 0x00, 0x24, 0x46, 0x00, 0x00, 0x9c, 0x46, 0x00, 0x00, 0x00, 0x00, 0x00, 0x00, 
	0x2c, 0x46, 0x00, 0x00, 0xa0, 0x46, 0x00, 0x00, 0x00, 0x00, 0x00, 0x00, 0x34, 0x46, 0x00, 0x00, 
	0xa4, 0x46, 0x00, 0x00, 0x00, 0x00, 0x00, 0x00, 0x3c, 0x46, 0x00, 0x00, 0xa8, 0x46, 0x00, 0x00, 
	0x00, 0x00, 0x00, 0x00, 0x44, 0x46, 0x00, 0x00, 0xac, 0x46, 0x00, 0x00, 0x00, 0x00, 0x00, 0x00, 
	0x4c, 0x46, 0x00, 0x00, 0xb0, 0x46, 0x00, 0x00, 0xb4, 0x46, 0x00, 0x00, 0x00, 0x00, 0x00, 0x00, 
	0x00, 0x00, 0x00, 0x00, 0x00, 0x00, 0x00, 0x00, 0x00, 0x00, 0x00, 0x00, 0x00, 0x00, 0x00, 0x00, 
	0x48, 0x43, 0x3a, 0x20, 0x55, 0x6e, 0x72, 0x65, 0x63, 0x6f, 0x76, 0x65, 0x72, 0x61, 0x62, 0x6c, 
	0x65, 0x20, 0x65, 0x72, 0x72, 0x6f, 0x72, 0x0a, 0x00, 0x00, 0x00, 0x00, 0x68, 0x75, 0x62, 0x00, 
	0x66, 0x72, 0x65, 0x65, 0x49, 0x73, 0x6f, 0x54, 0x64, 0x20, 0x25, 0x70, 0x3a, 0x20, 0x61, 0x6c, 
	0x72, 0x65, 0x61, 0x64, 0x79, 0x20, 0x66, 0x72, 0x65, 0x65, 0x0a, 0x00, 0x46, 0x72, 0x65, 0x65, 
	0x54, 0x44, 0x20, 0x25, 0x70, 0x3a, 0x20, 0x61, 0x6c, 0x72, 0x65, 0x61, 0x64, 0x79, 0x20, 0x66, 
	0x72, 0x65, 0x65, 0x0a, 0x00, 0x00, 0x00, 0x00, 0x66, 0x72, 0x65, 0x65, 0x44, 0x65, 0x76, 0x69, 
	0x63, 0x65, 0x20, 0x25, 0x70, 0x3a, 0x20, 0x41, 0x72, 0x67, 0x20, 0x69, 0x73, 0x20, 0x6e, 0x6f, 
	0x74, 0x20, 0x70, 0x61, 0x72, 0x74, 0x20, 0x6f, 0x66, 0x20, 0x64, 0x65, 0x76, 0x20, 0x62, 0x75, 
	0x66, 0x66, 0x65, 0x72, 0x0a, 0x00, 0x00, 0x00, 0x66, 0x72, 0x65, 0x65, 0x49, 0x6f, 0x52, 0x65, 
	0x71, 0x75, 0x65, 0x73, 0x74, 0x20, 0x25, 0x70, 0x3a, 0x20, 0x61, 0x6c, 0x72, 0x65, 0x61, 0x64, 
	0x79, 0x20, 0x66, 0x72, 0x65, 0x65, 0x2e, 0x0a, 0x00, 0x00, 0x00, 0x00, 0x46, 0x72, 0x65, 0x65, 
	0x55, 0x73, 0x62, 0x64, 0x20, 0x76, 0x2e, 0x30, 0x2e, 0x31, 0x2e, 0x32, 0x0a, 0x00, 0x00, 0x00, 
	0x64, 0x65, 0x76, 0x3d, 0x00, 0x00, 0x00, 0x00, 0x65, 0x64, 0x3d, 0x00, 0x67, 0x74, 0x64, 0x3d, 
	0x00, 0x00, 0x00, 0x00, 0x69, 0x74, 0x64, 0x3d, 0x00, 0x00, 0x00, 0x00, 0x69, 0x6f, 0x72, 0x65, 
	0x71, 0x3d, 0x00, 0x00, 0x63, 0x6f, 0x6e, 0x66, 0x3d, 0x00, 0x00, 0x00, 0x68, 0x75, 0x62, 0x3d, 
	0x00, 0x00, 0x00, 0x00, 0x70, 0x6f, 0x72, 0x74, 0x3d, 0x00, 0x00, 0x00, 0x74, 0x68, 0x70, 0x72, 
	0x69, 0x3d, 0x00, 0x00, 0x75, 0x73, 0x62, 0x64, 0x00, 0x00, 0x00, 0x00, 0x00, 0x00, 0x00, 0x00, 
	0x00, 0x00, 0x00, 0x00, 0x00, 0x00, 0x00, 0x00, 0x6c, 0x45, 0x00, 0x00, 0xd8, 0x0f, 0x00, 0x00, 
	0x9c, 0x13, 0x00, 0x00, 0x48, 0x11, 0x00, 0x00, 0x00, 0x00, 0x00, 0x00, 0x00, 0x00, 0x00, 0x00, 
	0x00, 0x00, 0x00, 0x00, 0x00, 0x00, 0x00, 0x00, 0x00, 0x00, 0x00, 0x00, 0x00, 0x00, 0x00, 0x00, 
	0x20, 0x00, 0x00, 0x00, 0x40, 0x00, 0x00, 0x00, 0x80, 0x00, 0x00, 0x00, 0x80, 0x00, 0x00, 0x00, 
	0x00, 0x01, 0x00, 0x00, 0x00, 0x02, 0x00, 0x00, 0x08, 0x00, 0x00, 0x00, 0x08, 0x00, 0x00, 0x00, 
	0x1e, 0x00, 0x00, 0x00, 0x24, 0x00, 0x00, 0x00, 0x54, 0x46, 0x00, 0x00, 0x01, 0x01, 0x00, 0x00, 
	0xff, 0xff, 0xff, 0xff, 0x00, 0x00, 0x00, 0x00, 0x00, 0x00, 0x00, 0x00, 0x00, 0x00, 0x00, 0x00, 
	0xff, 0xff, 0xff, 0xff, 0xff, 0xff, 0xff, 0xff, 0xb8, 0x46, 0x00, 0x00, 0xf0, 0x32, 0x00, 0x00, 
	0xe0, 0xc6, 0x00, 0x00, 0xd0, 0x44, 0x00, 0x00, 0x10, 0x02, 0x00, 0x00, 0xc0, 0x00, 0x00, 0x00, 
	0x01, 0x01, 0x75, 0x73, 0x62, 0x64, 0x00, 0x00, 0x00, 0x00, 0x00, 0x00, 0x00, 0x00, 0x00, 0x00, 
	0x00, 0x00, 0x00, 0x00, 0x00, 0x00, 0x00, 0x00, 0x00, 0x00, 0x00, 0x00, 0x00, 0x00, 0x00, 0x00, 
	0x00, 0x00, 0x00, 0x00, 0x03, 0x00, 0x01, 0x00, 0x00, 0x00, 0x00, 0x00, 0x00, 0x00, 0x00, 0x00, 
	0x00, 0x00, 0x00, 0x00, 0x03, 0x00, 0x02, 0x00, 0x00, 0x00, 0x00, 0x00, 0xd0, 0x44, 0x00, 0x00, 
	0x00, 0x00, 0x00, 0x00, 0x03, 0x00, 0x04, 0x00, 0x00, 0x00, 0x00, 0x00, 0x60, 0x46, 0x00, 0x00, 
	0x00, 0x00, 0x00, 0x00, 0x03, 0x00, 0x06, 0x00, 0x00, 0x00, 0x00, 0x00, 0xd0, 0x46, 0x00, 0x00, 
	0x00, 0x00, 0x00, 0x00, 0x03, 0x00, 0x08, 0x00, 0x00, 0x00, 0x00, 0x00, 0xd4, 0x46, 0x00, 0x00, 
	0x00, 0x00, 0x00, 0x00, 0x03, 0x00, 0x09, 0x00, 0x00, 0x00, 0x00, 0x00, 0xe0, 0x46, 0x00, 0x00, 
	0x00, 0x00, 0x00, 0x00, 0x03, 0x00, 0x0a, 0x00, 0x00, 0x00, 0x00, 0x00, 0x08, 0x00, 0x00, 0x00, 
	0x04, 0x00, 0x00, 0x00, 0x30, 0x00, 0x00, 0x00, 0x05, 0x00, 0x00, 0x00, 0x34, 0x00, 0x00, 0x00, 
	0x06, 0x00, 0x00, 0x00, 0x58, 0x00, 0x00, 0x00, 0x05, 0x00, 0x00, 0x00, 0x5c, 0x00, 0x00, 0x00, 
	0x06, 0x00, 0x00, 0x00, 0x90, 0x00, 0x00, 0x00, 0x04, 0x00, 0x00, 0x00, 0x40, 0x01, 0x00, 0x00, 
	0x04, 0x00, 0x00, 0x00, 0x7c, 0x01, 0x00, 0x00, 0x04, 0x00, 0x00, 0x00, 0xec, 0x01, 0x00, 0x00, 
	0x04, 0x00, 0x00, 0x00, 0x00, 0x02, 0x00, 0x00, 0x04, 0x00, 0x00, 0x00, 0x44, 0x03, 0x00, 0x00, 
	0x04, 0x00, 0x00, 0x00, 0x78, 0x03, 0x00, 0x00, 0x04, 0x00, 0x00, 0x00, 0xa4, 0x03, 0x00, 0x00, 
	0x04, 0x00, 0x00, 0x00, 0xc8, 0x03, 0x00, 0x00, 0x04, 0x00, 0x00, 0x00, 0x64, 0x04, 0x00, 0x00, 
	0x05, 0x00, 0x00, 0x00, 0x68, 0x04, 0x00, 0x00, 0x06, 0x00, 0x00, 0x00, 0xf8, 0x04, 0x00, 0x00, 
	0x04, 0x00, 0x00, 0x00, 0x20, 0x05, 0x00, 0x00, 0x05, 0x00, 0x00, 0x00, 0x24, 0x05, 0x00, 0x00, 
	0x06, 0x00, 0x00, 0x00, 0x28, 0x05, 0x00, 0x00, 0x04, 0x00, 0x00, 0x00, 0x64, 0x05, 0x00, 0x00, 
	0x04, 0x00, 0x00, 0x00, 0x74, 0x05, 0x00, 0x00, 0x04, 0x00, 0x00, 0x00, 0x84, 0x05, 0x00, 0x00, 
	0x04, 0x00, 0x00, 0x00, 0x9c, 0x05, 0x00, 0x00, 0x05, 0x00, 0x00, 0x00, 0xa0, 0x05, 0x00, 0x00, 
	0x06, 0x00, 0x00, 0x00, 0x48, 0x06, 0x00, 0x00, 0x04, 0x00, 0x00, 0x00, 0x70, 0x06, 0x00, 0x00, 
	0x04, 0x00, 0x00, 0x00, 0x8c, 0x06, 0x00, 0x00, 0x05, 0x00, 0x00, 0x00, 0x94, 0x06, 0x00, 0x00, 
	0x06, 0x00, 0x00, 0x00, 0x90, 0x06, 0x00, 0x00, 0x04, 0x00, 0x00, 0x00, 0xc0, 0x06, 0x00, 0x00, 
	0x04, 0x00, 0x00, 0x00, 0x38, 0x07, 0x00, 0x00, 0x04, 0x00, 0x00, 0x00, 0x58, 0x07, 0x00, 0x00, 
	0x05, 0x00, 0x00, 0x00, 0x5c, 0x07, 0x00, 0x00, 0x06, 0x00, 0x00, 0x00, 0x68, 0x07, 0x00, 0x00, 
	0x04, 0x00, 0x00, 0x00, 0x70, 0x07, 0x00, 0x00, 0x04, 0x00, 0x00, 0x00, 0x78, 0x07, 0x00, 0x00, 
	0x04, 0x00, 0x00, 0x00, 0x80, 0x07, 0x00, 0x00, 0x04, 0x00, 0x00, 0x00, 0x88, 0x07, 0x00, 0x00, 
	0x05, 0x00, 0x00, 0x00, 0x8c, 0x07, 0x00, 0x00, 0x06, 0x00, 0x00, 0x00, 0xb0, 0x07, 0x00, 0x00, 
	0x04, 0x00, 0x00, 0x00, 0xc0, 0x07, 0x00, 0x00, 0x05, 0x00, 0x00, 0x00, 0xc4, 0x07, 0x00, 0x00, 
	0x06, 0x00, 0x00, 0x00, 0x58, 0x08, 0x00, 0x00, 0x05, 0x00, 0x00, 0x00, 0x5c, 0x08, 0x00, 0x00, 
	0x06, 0x00, 0x00, 0x00, 0x60, 0x08, 0x00, 0x00, 0x05, 0x00, 0x00, 0x00, 0x64, 0x08, 0x00, 0x00, 
	0x06, 0x00, 0x00, 0x00, 0x78, 0x08, 0x00, 0x00, 0x04, 0x00, 0x00, 0x00, 0x24, 0x09, 0x00, 0x00, 
	0x05, 0x00, 0x00, 0x00, 0x28, 0x09, 0x00, 0x00, 0x06, 0x00, 0x00, 0x00, 0x34, 0x09, 0x00, 0x00, 
	0x04, 0x00, 0x00, 0x00, 0x48, 0x09, 0x00, 0x00, 0x04, 0x00, 0x00, 0x00, 0x08, 0x0a, 0x00, 0x00, 
	0x05, 0x00, 0x00, 0x00, 0x0c, 0x0a, 0x00, 0x00, 0x06, 0x00, 0x00, 0x00, 0x10, 0x0a, 0x00, 0x00, 
	0x05, 0x00, 0x00, 0x00, 0x14, 0x0a, 0x00, 0x00, 0x06, 0x00, 0x00, 0x00, 0x18, 0x0a, 0x00, 0x00, 
	0x05, 0x00, 0x00, 0x00, 0x1c, 0x0a, 0x00, 0x00, 0x06, 0x00, 0x00, 0x00, 0x20, 0x0a, 0x00, 0x00, 
	0x05, 0x00, 0x00, 0x00, 0x24, 0x0a, 0x00, 0x00, 0x06, 0x00, 0x00, 0x00, 0x38, 0x0a, 0x00, 0x00, 
	0x04, 0x00, 0x00, 0x00, 0x48, 0x0a, 0x00, 0x00, 0x04, 0x00, 0x00, 0x00, 0x54, 0x0a, 0x00, 0x00, 
	0x04, 0x00, 0x00, 0x00, 0xbc, 0x0c, 0x00, 0x00, 0x04, 0x00, 0x00, 0x00, 0xc8, 0x0c, 0x00, 0x00, 
	0x05, 0x00, 0x00, 0x00, 0xcc, 0x0c, 0x00, 0x00, 0x06, 0x00, 0x00, 0x00, 0xd0, 0x0c, 0x00, 0x00, 
	0x04, 0x00, 0x00, 0x00, 0xd8, 0x0c, 0x00, 0x00, 0x05, 0x00, 0x00, 0x00, 0xdc, 0x0c, 0x00, 0x00, 
	0x06, 0x00, 0x00, 0x00, 0xe0, 0x0c, 0x00, 0x00, 0x05, 0x00, 0x00, 0x00, 0xe4, 0x0c, 0x00, 0x00, 
	0x06, 0x00, 0x00, 0x00, 0xec, 0x0c, 0x00, 0x00, 0x04, 0x00, 0x00, 0x00, 0x0c, 0x0d, 0x00, 0x00, 
	0x04, 0x00, 0x00, 0x00, 0x34, 0x0d, 0x00, 0x00, 0x05, 0x00, 0x00, 0x00, 0x38, 0x0d, 0x00, 0x00, 
	0x06, 0x00, 0x00, 0x00, 0x48, 0x0d, 0x00, 0x00, 0x05, 0x00, 0x00, 0x00, 0x4c, 0x0d, 0x00, 0x00, 
	0x06, 0x00, 0x00, 0x00, 0x58, 0x0d, 0x00, 0x00, 0x04, 0x00, 0x00, 0x00, 0x60, 0x0d, 0x00, 0x00, 
	0x05, 0x00, 0x00, 0x00, 0x64, 0x0d, 0x00, 0x00, 0x06, 0x00, 0x00, 0x00, 0x68, 0x0d, 0x00, 0x00, 
	0x05, 0x00, 0x00, 0x00, 0x6c, 0x0d, 0x00, 0x00, 0x06, 0x00, 0x00, 0x00, 0x70, 0x0d, 0x00, 0x00, 
	0x04, 0x00, 0x00, 0x00, 0x78, 0x0d, 0x00, 0x00, 0x04, 0x00, 0x00, 0x00, 0x80, 0x0d, 0x00, 0x00, 
	0x04, 0x00, 0x00, 0x00, 0x88, 0x0d, 0x00, 0x00, 0x04, 0x00, 0x00, 0x00, 0x90, 0x0d, 0x00, 0x00, 
	0x04, 0x00, 0x00, 0x00, 0xa8, 0x0d, 0x00, 0x00, 0x05, 0x00, 0x00, 0x00, 0xac, 0x0d, 0x00, 0x00, 
	0x06, 0x00, 0x00, 0x00, 0xd4, 0x0d, 0x00, 0x00, 0x04, 0x00, 0x00, 0x00, 0x14, 0x0e, 0x00, 0x00, 
	0x05, 0x00, 0x00, 0x00, 0x18, 0x0e, 0x00, 0x00, 0x06, 0x00, 0x00, 0x00, 0x3c, 0x0e, 0x00, 0x00, 
	0x04, 0x00, 0x00, 0x00, 0x4c, 0x0e, 0x00, 0x00, 0x05, 0x00, 0x00, 0x00, 0x50, 0x0e, 0x00, 0x00, 
	0x06, 0x00, 0x00, 0x00, 0x80, 0x0e, 0x00, 0x00, 0x04, 0x00, 0x00, 0x00, 0x9c, 0x0e, 0x00, 0x00, 
	0x04, 0x00, 0x00, 0x00, 0xc0, 0x0e, 0x00, 0x00, 0x04, 0x00, 0x00, 0x00, 0xe0, 0x0e, 0x00, 0x00, 
	0x04, 0x00, 0x00, 0x00, 0xe8, 0x0e, 0x00, 0x00, 0x05, 0x00, 0x00, 0x00, 0xec, 0x0e, 0x00, 0x00, 
	0x06, 0x00, 0x00, 0x00, 0x28, 0x0f, 0x00, 0x00, 0x05, 0x00, 0x00, 0x00, 0x2c, 0x0f, 0x00, 0x00, 
	0x06, 0x00, 0x00, 0x00, 0x5c, 0x0f, 0x00, 0x00, 0x04, 0x00, 0x00, 0x00, 0x78, 0x0f, 0x00, 0x00, 
	0x04, 0x00, 0x00, 0x00, 0xb0, 0x0f, 0x00, 0x00, 0x04, 0x00, 0x00, 0x00, 0xe4, 0x0f, 0x00, 0x00, 
	0x04, 0x00, 0x00, 0x00, 0x30, 0x10, 0x00, 0x00, 0x05, 0x00, 0x00, 0x00, 0x34, 0x10, 0x00, 0x00, 
	0x06, 0x00, 0x00, 0x00, 0x58, 0x10, 0x00, 0x00, 0x04, 0x00, 0x00, 0x00, 0x64, 0x10, 0x00, 0x00, 
	0x05, 0x00, 0x00, 0x00, 0x68, 0x10, 0x00, 0x00, 0x06, 0x00, 0x00, 0x00, 0x78, 0x10, 0x00, 0x00, 
	0x04, 0x00, 0x00, 0x00, 0xb8, 0x10, 0x00, 0x00, 0x05, 0x00, 0x00, 0x00, 0xbc, 0x10, 0x00, 0x00, 
	0x06, 0x00, 0x00, 0x00, 0xc0, 0x10, 0x00, 0x00, 0x04, 0x00, 0x00, 0x00, 0xf0, 0x10, 0x00, 0x00, 
	0x05, 0x00, 0x00, 0x00, 0xf4, 0x10, 0x00, 0x00, 0x06, 0x00, 0x00, 0x00, 0x0c, 0x11, 0x00, 0x00, 
	0x05, 0x00, 0x00, 0x00, 0x10, 0x11, 0x00, 0x00, 0x06, 0x00, 0x00, 0x00, 0x2c, 0x11, 0x00, 0x00, 
	0x05, 0x00, 0x00, 0x00, 0x30, 0x11, 0x00, 0x00, 0x06, 0x00, 0x00, 0x00, 0x34, 0x11, 0x00, 0x00, 
	0x05, 0x00, 0x00, 0x00, 0x38, 0x11, 0x00, 0x00, 0x06, 0x00, 0x00, 0x00, 0x50, 0x11, 0x00, 0x00, 
	0x04, 0x00, 0x00, 0x00, 0x68, 0x11, 0x00, 0x00, 0x04, 0x00, 0x00, 0x00, 0xd0, 0x11, 0x00, 0x00, 
	0x04, 0x00, 0x00, 0x00, 0xf0, 0x11, 0x00, 0x00, 0x05, 0x00, 0x00, 0x00, 0xf4, 0x11, 0x00, 0x00, 
	0x06, 0x00, 0x00, 0x00, 0x60, 0x12, 0x00, 0x00, 0x05, 0x00, 0x00, 0x00, 0x64, 0x12, 0x00, 0x00, 
	0x06, 0x00, 0x00, 0x00, 0x88, 0x12, 0x00, 0x00, 0x04, 0x00, 0x00, 0x00, 0xb4, 0x12, 0x00, 0x00, 
	0x05, 0x00, 0x00, 0x00, 0xb8, 0x12, 0x00, 0x00, 0x06, 0x00, 0x00, 0x00, 0xd4, 0x12, 0x00, 0x00, 
	0x05, 0x00, 0x00, 0x00, 0xd8, 0x12, 0x00, 0x00, 0x06, 0x00, 0x00, 0x00, 0xfc, 0x12, 0x00, 0x00, 
	0x04, 0x00, 0x00, 0x00, 0x44, 0x13, 0x00, 0x00, 0x04, 0x00, 0x00, 0x00, 0x50, 0x13, 0x00, 0x00, 
	0x05, 0x00, 0x00, 0x00, 0x54, 0x13, 0x00, 0x00, 0x06, 0x00, 0x00, 0x00, 0x7c, 0x13, 0x00, 0x00, 
	0x04, 0x00, 0x00, 0x00, 0xb8, 0x13, 0x00, 0x00, 0x04, 0x00, 0x00, 0x00, 0xd4, 0x13, 0x00, 0x00, 
	0x04, 0x00, 0x00, 0x00, 0xfc, 0x13, 0x00, 0x00, 0x04, 0x00, 0x00, 0x00, 0x20, 0x14, 0x00, 0x00, 
	0x04, 0x00, 0x00, 0x00, 0x60, 0x14, 0x00, 0x00, 0x04, 0x00, 0x00, 0x00, 0x68, 0x14, 0x00, 0x00, 
	0x04, 0x00, 0x00, 0x00, 0x90, 0x14, 0x00, 0x00, 0x04, 0x00, 0x00, 0x00, 0xa0, 0x14, 0x00, 0x00, 
	0x04, 0x00, 0x00, 0x00, 0xfc, 0x14, 0x00, 0x00, 0x04, 0x00, 0x00, 0x00, 0x08, 0x15, 0x00, 0x00, 
	0x05, 0x00, 0x00, 0x00, 0x0c, 0x15, 0x00, 0x00, 0x06, 0x00, 0x00, 0x00, 0x28, 0x15, 0x00, 0x00, 
	0x04, 0x00, 0x00, 0x00, 0x3c, 0x15, 0x00, 0x00, 0x04, 0x00, 0x00, 0x00, 0x9c, 0x15, 0x00, 0x00, 
	0x05, 0x00, 0x00, 0x00, 0xa4, 0x15, 0x00, 0x00, 0x06, 0x00, 0x00, 0x00, 0xa8, 0x15, 0x00, 0x00, 
	0x05, 0x00, 0x00, 0x00, 0xac, 0x15, 0x00, 0x00, 0x06, 0x00, 0x00, 0x00, 0xcc, 0x15, 0x00, 0x00, 
	0x05, 0x00, 0x00, 0x00, 0xd0, 0x15, 0x00, 0x00, 0x06, 0x00, 0x00, 0x00, 0xa4, 0x16, 0x00, 0x00, 
	0x04, 0x00, 0x00, 0x00, 0xe0, 0x16, 0x00, 0x00, 0x05, 0x00, 0x00, 0x00, 0xe4, 0x16, 0x00, 0x00, 
	0x06, 0x00, 0x00, 0x00, 0xe8, 0x16, 0x00, 0x00, 0x04, 0x00, 0x00, 0x00, 0x50, 0x17, 0x00, 0x00, 
	0x04, 0x00, 0x00, 0x00, 0x98, 0x17, 0x00, 0x00, 0x04, 0x00, 0x00, 0x00, 0xb4, 0x17, 0x00, 0x00, 
	0x05, 0x00, 0x00, 0x00, 0xb8, 0x17, 0x00, 0x00, 0x06, 0x00, 0x00, 0x00, 0xcc, 0x17, 0x00, 0x00, 
	0x04, 0x00, 0x00, 0x00, 0xf0, 0x17, 0x00, 0x00, 0x04, 0x00, 0x00, 0x00, 0xf8, 0x17, 0x00, 0x00, 
	0x04, 0x00, 0x00, 0x00, 0x0c, 0x18, 0x00, 0x00, 0x04, 0x00, 0x00, 0x00, 0x80, 0x18, 0x00, 0x00, 
	0x05, 0x00, 0x00, 0x00, 0x84, 0x18, 0x00, 0x00, 0x06, 0x00, 0x00, 0x00, 0xb8, 0x18, 0x00, 0x00, 
	0x05, 0x00, 0x00, 0x00, 0xbc, 0x18, 0x00, 0x00, 0x06, 0x00, 0x00, 0x00, 0xe8, 0x18, 0x00, 0x00, 
	0x04, 0x00, 0x00, 0x00, 0x20, 0x19, 0x00, 0x00, 0x04, 0x00, 0x00, 0x00, 0x28, 0x19, 0x00, 0x00, 
	0x04, 0x00, 0x00, 0x00, 0x70, 0x19, 0x00, 0x00, 0x05, 0x00, 0x00, 0x00, 0x74, 0x19, 0x00, 0x00, 
	0x06, 0x00, 0x00, 0x00, 0x78, 0x19, 0x00, 0x00, 0x04, 0x00, 0x00, 0x00, 0x80, 0x19, 0x00, 0x00, 
	0x04, 0x00, 0x00, 0x00, 0xa0, 0x19, 0x00, 0x00, 0x05, 0x00, 0x00, 0x00, 0xa4, 0x19, 0x00, 0x00, 
	0x06, 0x00, 0x00, 0x00, 0xec, 0x19, 0x00, 0x00, 0x04, 0x00, 0x00, 0x00, 0x08, 0x1a, 0x00, 0x00, 
	0x04, 0x00, 0x00, 0x00, 0x54, 0x1a, 0x00, 0x00, 0x04, 0x00, 0x00, 0x00, 0x5c, 0x1a, 0x00, 0x00, 
	0x04, 0x00, 0x00, 0x00, 0x94, 0x1a, 0x00, 0x00, 0x04, 0x00, 0x00, 0x00, 0x9c, 0x1a, 0x00, 0x00, 
	0x04, 0x00, 0x00, 0x00, 0xdc, 0x1a, 0x00, 0x00, 0x05, 0x00, 0x00, 0x00, 0xe0, 0x1a, 0x00, 0x00, 
	0x06, 0x00, 0x00, 0x00, 0x10, 0x1b, 0x00, 0x00, 0x04, 0x00, 0x00, 0x00, 0x68, 0x1b, 0x00, 0x00, 
	0x04, 0x00, 0x00, 0x00, 0x7c, 0x1b, 0x00, 0x00, 0x04, 0x00, 0x00, 0x00, 0x84, 0x1b, 0x00, 0x00, 
	0x04, 0x00, 0x00, 0x00, 0x9c, 0x1b, 0x00, 0x00, 0x04, 0x00, 0x00, 0x00, 0xb4, 0x1b, 0x00, 0x00, 
	0x04, 0x00, 0x00, 0x00, 0xd0, 0x1b, 0x00, 0x00, 0x05, 0x00, 0x00, 0x00, 0xd4, 0x1b, 0x00, 0x00, 
	0x06, 0x00, 0x00, 0x00, 0xdc, 0x1b, 0x00, 0x00, 0x04, 0x00, 0x00, 0x00, 0x0c, 0x1c, 0x00, 0x00, 
	0x05, 0x00, 0x00, 0x00, 0x10, 0x1c, 0x00, 0x00, 0x06, 0x00, 0x00, 0x00, 0x2c, 0x1c, 0x00, 0x00, 
	0x04, 0x00, 0x00, 0x00, 0x80, 0x1c, 0x00, 0x00, 0x05, 0x00, 0x00, 0x00, 0x84, 0x1c, 0x00, 0x00, 
	0x06, 0x00, 0x00, 0x00, 0xac, 0x1c, 0x00, 0x00, 0x04, 0x00, 0x00, 0x00, 0xec, 0x1c, 0x00, 0x00, 
	0x04, 0x00, 0x00, 0x00, 0x1c, 0x1d, 0x00, 0x00, 0x05, 0x00, 0x00, 0x00, 0x20, 0x1d, 0x00, 0x00, 
	0x06, 0x00, 0x00, 0x00, 0xbc, 0x1d, 0x00, 0x00, 0x05, 0x00, 0x00, 0x00, 0xc0, 0x1d, 0x00, 0x00, 
	0x06, 0x00, 0x00, 0x00, 0xdc, 0x1d, 0x00, 0x00, 0x04, 0x00, 0x00, 0x00, 0x08, 0x1e, 0x00, 0x00, 
	0x05, 0x00, 0x00, 0x00, 0x0c, 0x1e, 0x00, 0x00, 0x06, 0x00, 0x00, 0x00, 0x30, 0x1e, 0x00, 0x00, 
	0x04, 0x00, 0x00, 0x00, 0xbc, 0x1e, 0x00, 0x00, 0x04, 0x00, 0x00, 0x00, 0xd8, 0x1e, 0x00, 0x00, 
	0x04, 0x00, 0x00, 0x00, 0xfc, 0x1e, 0x00, 0x00, 0x05, 0x00, 0x00, 0x00, 0x00, 0x1f, 0x00, 0x00, 
	0x06, 0x00, 0x00, 0x00, 0x1c, 0x1f, 0x00, 0x00, 0x04, 0x00, 0x00, 0x00, 0x80, 0x1f, 0x00, 0x00, 
	0x05, 0x00, 0x00, 0x00, 0x84, 0x1f, 0x00, 0x00, 0x06, 0x00, 0x00, 0x00, 0x8c, 0x1f, 0x00, 0x00, 
	0x04, 0x00, 0x00, 0x00, 0xbc, 0x1f, 0x00, 0x00, 0x04, 0x00, 0x00, 0x00, 0xd0, 0x1f, 0x00, 0x00, 
	0x04, 0x00, 0x00, 0x00, 0xe0, 0x1f, 0x00, 0x00, 0x04, 0x00, 0x00, 0x00, 0x34, 0x20, 0x00, 0x00, 
	0x05, 0x00, 0x00, 0x00, 0x38, 0x20, 0x00, 0x00, 0x06, 0x00, 0x00, 0x00, 0x5c, 0x20, 0x00, 0x00, 
	0x04, 0x00, 0x00, 0x00, 0x74, 0x20, 0x00, 0x00, 0x04, 0x00, 0x00, 0x00, 0xec, 0x20, 0x00, 0x00, 
	0x04, 0x00, 0x00, 0x00, 0x28, 0x21, 0x00, 0x00, 0x04, 0x00, 0x00, 0x00, 0x74, 0x21, 0x00, 0x00, 
	0x04, 0x00, 0x00, 0x00, 0xa0, 0x21, 0x00, 0x00, 0x04, 0x00, 0x00, 0x00, 0xb4, 0x21, 0x00, 0x00, 
	0x04, 0x00, 0x00, 0x00, 0xbc, 0x21, 0x00, 0x00, 0x04, 0x00, 0x00, 0x00, 0xec, 0x21, 0x00, 0x00, 
	0x04, 0x00, 0x00, 0x00, 0x00, 0x22, 0x00, 0x00, 0x04, 0x00, 0x00, 0x00, 0x08, 0x22, 0x00, 0x00, 
	0x04, 0x00, 0x00, 0x00, 0x38, 0x22, 0x00, 0x00, 0x04, 0x00, 0x00, 0x00, 0x48, 0x22, 0x00, 0x00, 
	0x04, 0x00, 0x00, 0x00, 0x50, 0x22, 0x00, 0x00, 0x04, 0x00, 0x00, 0x00, 0x7c, 0x22, 0x00, 0x00, 
	0x04, 0x00, 0x00, 0x00, 0x8c, 0x22, 0x00, 0x00, 0x04, 0x00, 0x00, 0x00, 0x94, 0x22, 0x00, 0x00, 
	0x04, 0x00, 0x00, 0x00, 0xd0, 0x22, 0x00, 0x00, 0x04, 0x00, 0x00, 0x00, 0xe8, 0x22, 0x00, 0x00, 
	0x04, 0x00, 0x00, 0x00, 0xf0, 0x22, 0x00, 0x00, 0x04, 0x00, 0x00, 0x00, 0x30, 0x23, 0x00, 0x00, 
	0x04, 0x00, 0x00, 0x00, 0x40, 0x23, 0x00, 0x00, 0x04, 0x00, 0x00, 0x00, 0x54, 0x23, 0x00, 0x00, 
	0x04, 0x00, 0x00, 0x00, 0x60, 0x23, 0x00, 0x00, 0x04, 0x00, 0x00, 0x00, 0x9c, 0x23, 0x00, 0x00, 
	0x04, 0x00, 0x00, 0x00, 0xb0, 0x23, 0x00, 0x00, 0x04, 0x00, 0x00, 0x00, 0xc4, 0x23, 0x00, 0x00, 
	0x04, 0x00, 0x00, 0x00, 0x00, 0x24, 0x00, 0x00, 0x04, 0x00, 0x00, 0x00, 0x10, 0x24, 0x00, 0x00, 
	0x04, 0x00, 0x00, 0x00, 0x24, 0x24, 0x00, 0x00, 0x04, 0x00, 0x00, 0x00, 0x5c, 0x24, 0x00, 0x00, 
	0x04, 0x00, 0x00, 0x00, 0x6c, 0x24, 0x00, 0x00, 0x04, 0x00, 0x00, 0x00, 0x80, 0x24, 0x00, 0x00, 
	0x04, 0x00, 0x00, 0x00, 0xa8, 0x24, 0x00, 0x00, 0x04, 0x00, 0x00, 0x00, 0xd4, 0x24, 0x00, 0x00, 
	0x04, 0x00, 0x00, 0x00, 0xe4, 0x24, 0x00, 0x00, 0x04, 0x00, 0x00, 0x00, 0xf8, 0x24, 0x00, 0x00, 
	0x04, 0x00, 0x00, 0x00, 0x04, 0x25, 0x00, 0x00, 0x04, 0x00, 0x00, 0x00, 0x4c, 0x25, 0x00, 0x00, 
	0x04, 0x00, 0x00, 0x00, 0x5c, 0x25, 0x00, 0x00, 0x04, 0x00, 0x00, 0x00, 0xdc, 0x25, 0x00, 0x00, 
	0x04, 0x00, 0x00, 0x00, 0x20, 0x26, 0x00, 0x00, 0x04, 0x00, 0x00, 0x00, 0x2c, 0x26, 0x00, 0x00, 
	0x04, 0x00, 0x00, 0x00, 0x68, 0x26, 0x00, 0x00, 0x04, 0x00, 0x00, 0x00, 0x78, 0x26, 0x00, 0x00, 
	0x05, 0x00, 0x00, 0x00, 0x7c, 0x26, 0x00, 0x00, 0x06, 0x00, 0x00, 0x00, 0xac, 0x26, 0x00, 0x00, 
	0x04, 0x00, 0x00, 0x00, 0xc8, 0x26, 0x00, 0x00, 0x05, 0x00, 0x00, 0x00, 0xcc, 0x26, 0x00, 0x00, 
	0x06, 0x00, 0x00, 0x00, 0xd8, 0x26, 0x00, 0x00, 0x04, 0x00, 0x00, 0x00, 0x00, 0x27, 0x00, 0x00, 
	0x04, 0x00, 0x00, 0x00, 0x10, 0x27, 0x00, 0x00, 0x04, 0x00, 0x00, 0x00, 0x24, 0x27, 0x00, 0x00, 
	0x04, 0x00, 0x00, 0x00, 0x4c, 0x27, 0x00, 0x00, 0x04, 0x00, 0x00, 0x00, 0x84, 0x27, 0x00, 0x00, 
	0x04, 0x00, 0x00, 0x00, 0x94, 0x27, 0x00, 0x00, 0x05, 0x00, 0x00, 0x00, 0x98, 0x27, 0x00, 0x00, 
	0x06, 0x00, 0x00, 0x00, 0xb0, 0x27, 0x00, 0x00, 0x05, 0x00, 0x00, 0x00, 0xb4, 0x27, 0x00, 0x00, 
	0x06, 0x00, 0x00, 0x00, 0xb8, 0x27, 0x00, 0x00, 0x04, 0x00, 0x00, 0x00, 0xd4, 0x27, 0x00, 0x00, 
	0x05, 0x00, 0x00, 0x00, 0xd8, 0x27, 0x00, 0x00, 0x06, 0x00, 0x00, 0x00, 0xdc, 0x27, 0x00, 0x00, 
	0x04, 0x00, 0x00, 0x00, 0xe8, 0x27, 0x00, 0x00, 0x04, 0x00, 0x00, 0x00, 0x10, 0x28, 0x00, 0x00, 
	0x05, 0x00, 0x00, 0x00, 0x14, 0x28, 0x00, 0x00, 0x06, 0x00, 0x00, 0x00, 0x48, 0x28, 0x00, 0x00, 
	0x05, 0x00, 0x00, 0x00, 0x4c, 0x28, 0x00, 0x00, 0x06, 0x00, 0x00, 0x00, 0x7c, 0x28, 0x00, 0x00, 
	0x05, 0x00, 0x00, 0x00, 0x80, 0x28, 0x00, 0x00, 0x06, 0x00, 0x00, 0x00, 0x84, 0x28, 0x00, 0x00, 
	0x04, 0x00, 0x00, 0x00, 0x98, 0x28, 0x00, 0x00, 0x05, 0x00, 0x00, 0x00, 0x9c, 0x28, 0x00, 0x00, 
	0x06, 0x00, 0x00, 0x00, 0xd0, 0x28, 0x00, 0x00, 0x05, 0x00, 0x00, 0x00, 0xd4, 0x28, 0x00, 0x00, 
	0x06, 0x00, 0x00, 0x00, 0x04, 0x29, 0x00, 0x00, 0x05, 0x00, 0x00, 0x00, 0x08, 0x29, 0x00, 0x00, 
	0x06, 0x00, 0x00, 0x00, 0x0c, 0x29, 0x00, 0x00, 0x04, 0x00, 0x00, 0x00, 0x20, 0x29, 0x00, 0x00, 
	0x05, 0x00, 0x00, 0x00, 0x24, 0x29, 0x00, 0x00, 0x06, 0x00, 0x00, 0x00, 0xdc, 0x29, 0x00, 0x00, 
	0x05, 0x00, 0x00, 0x00, 0xe0, 0x29, 0x00, 0x00, 0x06, 0x00, 0x00, 0x00, 0xf8, 0x29, 0x00, 0x00, 
	0x05, 0x00, 0x00, 0x00, 0xfc, 0x29, 0x00, 0x00, 0x06, 0x00, 0x00, 0x00, 0x20, 0x2a, 0x00, 0x00, 
	0x05, 0x00, 0x00, 0x00, 0x28, 0x2a, 0x00, 0x00, 0x06, 0x00, 0x00, 0x00, 0x24, 0x2a, 0x00, 0x00, 
	0x04, 0x00, 0x00, 0x00, 0x88, 0x2a, 0x00, 0x00, 0x05, 0x00, 0x00, 0x00, 0x8c, 0x2a, 0x00, 0x00, 
	0x06, 0x00, 0x00, 0x00, 0xac, 0x2a, 0x00, 0x00, 0x05, 0x00, 0x00, 0x00, 0xb0, 0x2a, 0x00, 0x00, 
	0x06, 0x00, 0x00, 0x00, 0xf4, 0x2a, 0x00, 0x00, 0x05, 0x00, 0x00, 0x00, 0xf8, 0x2a, 0x00, 0x00, 
	0x06, 0x00, 0x00, 0x00, 0x90, 0x2b, 0x00, 0x00, 0x05, 0x00, 0x00, 0x00, 0x94, 0x2b, 0x00, 0x00, 
	0x06, 0x00, 0x00, 0x00, 0xa8, 0x2b, 0x00, 0x00, 0x05, 0x00, 0x00, 0x00, 0xac, 0x2b, 0x00, 0x00, 
	0x06, 0x00, 0x00, 0x00, 0xe0, 0x2b, 0x00, 0x00, 0x05, 0x00, 0x00, 0x00, 0xe4, 0x2b, 0x00, 0x00, 
	0x06, 0x00, 0x00, 0x00, 0xf8, 0x2b, 0x00, 0x00, 0x05, 0x00, 0x00, 0x00, 0xfc, 0x2b, 0x00, 0x00, 
	0x06, 0x00, 0x00, 0x00, 0x28, 0x2c, 0x00, 0x00, 0x05, 0x00, 0x00, 0x00, 0x2c, 0x2c, 0x00, 0x00, 
	0x06, 0x00, 0x00, 0x00, 0x90, 0x2c, 0x00, 0x00, 0x05, 0x00, 0x00, 0x00, 0x94, 0x2c, 0x00, 0x00, 
	0x06, 0x00, 0x00, 0x00, 0xb8, 0x2c, 0x00, 0x00, 0x05, 0x00, 0x00, 0x00, 0xbc, 0x2c, 0x00, 0x00, 
	0x06, 0x00, 0x00, 0x00, 0x10, 0x2d, 0x00, 0x00, 0x05, 0x00, 0x00, 0x00, 0x14, 0x2d, 0x00, 0x00, 
	0x06, 0x00, 0x00, 0x00, 0x18, 0x2d, 0x00, 0x00, 0x04, 0x00, 0x00, 0x00, 0x40, 0x2d, 0x00, 0x00, 
	0x05, 0x00, 0x00, 0x00, 0x44, 0x2d, 0x00, 0x00, 0x06, 0x00, 0x00, 0x00, 0x48, 0x2d, 0x00, 0x00, 
	0x04, 0x00, 0x00, 0x00, 0x50, 0x2d, 0x00, 0x00, 0x05, 0x00, 0x00, 0x00, 0x54, 0x2d, 0x00, 0x00, 
	0x06, 0x00, 0x00, 0x00, 0x58, 0x2d, 0x00, 0x00, 0x04, 0x00, 0x00, 0x00, 0x60, 0x2d, 0x00, 0x00, 
	0x05, 0x00, 0x00, 0x00, 0x64, 0x2d, 0x00, 0x00, 0x06, 0x00, 0x00, 0x00, 0xe4, 0x2d, 0x00, 0x00, 
	0x05, 0x00, 0x00, 0x00, 0xe8, 0x2d, 0x00, 0x00, 0x06, 0x00, 0x00, 0x00, 0x40, 0x2e, 0x00, 0x00, 
	0x04, 0x00, 0x00, 0x00, 0xf4, 0x2e, 0x00, 0x00, 0x04, 0x00, 0x00, 0x00, 0x0c, 0x2f, 0x00, 0x00, 
	0x04, 0x00, 0x00, 0x00, 0xd0, 0x2f, 0x00, 0x00, 0x04, 0x00, 0x00, 0x00, 0x14, 0x30, 0x00, 0x00, 
	0x05, 0x00, 0x00, 0x00, 0x18, 0x30, 0x00, 0x00, 0x06, 0x00, 0x00, 0x00, 0x94, 0x30, 0x00, 0x00, 
	0x04, 0x00, 0x00, 0x00, 0x3c, 0x31, 0x00, 0x00, 0x04, 0x00, 0x00, 0x00, 0x54, 0x31, 0x00, 0x00, 
	0x04, 0x00, 0x00, 0x00, 0x08, 0x32, 0x00, 0x00, 0x04, 0x00, 0x00, 0x00, 0x48, 0x32, 0x00, 0x00, 
	0x05, 0x00, 0x00, 0x00, 0x4c, 0x32, 0x00, 0x00, 0x06, 0x00, 0x00, 0x00, 0xe4, 0x32, 0x00, 0x00, 
	0x05, 0x00, 0x00, 0x00, 0xec, 0x32, 0x00, 0x00, 0x06, 0x00, 0x00, 0x00, 0x10, 0x33, 0x00, 0x00, 
	0x05, 0x00, 0x00, 0x00, 0x14, 0x33, 0x00, 0x00, 0x06, 0x00, 0x00, 0x00, 0xfc, 0x33, 0x00, 0x00, 
	0x05, 0x00, 0x00, 0x00, 0x00, 0x34, 0x00, 0x00, 0x06, 0x00, 0x00, 0x00, 0x04, 0x34, 0x00, 0x00, 
	0x04, 0x00, 0x00, 0x00, 0x0c, 0x34, 0x00, 0x00, 0x05, 0x00, 0x00, 0x00, 0x14, 0x34, 0x00, 0x00, 
	0x06, 0x00, 0x00, 0x00, 0x10, 0x34, 0x00, 0x00, 0x04, 0x00, 0x00, 0x00, 0x34, 0x34, 0x00, 0x00, 
	0x04, 0x00, 0x00, 0x00, 0x3c, 0x34, 0x00, 0x00, 0x05, 0x00, 0x00, 0x00, 0x44, 0x34, 0x00, 0x00, 
	0x06, 0x00, 0x00, 0x00, 0x40, 0x34, 0x00, 0x00, 0x04, 0x00, 0x00, 0x00, 0xe8, 0x34, 0x00, 0x00, 
	0x05, 0x00, 0x00, 0x00, 0xec, 0x34, 0x00, 0x00, 0x06, 0x00, 0x00, 0x00, 0x04, 0x35, 0x00, 0x00, 
	0x05, 0x00, 0x00, 0x00, 0x08, 0x35, 0x00, 0x00, 0x06, 0x00, 0x00, 0x00, 0x28, 0x35, 0x00, 0x00, 
	0x05, 0x00, 0x00, 0x00, 0x2c, 0x35, 0x00, 0x00, 0x06, 0x00, 0x00, 0x00, 0x00, 0x36, 0x00, 0x00, 
	0x04, 0x00, 0x00, 0x00, 0x14, 0x36, 0x00, 0x00, 0x04, 0x00, 0x00, 0x00, 0x40, 0x36, 0x00, 0x00, 
	0x04, 0x00, 0x00, 0x00, 0x48, 0x36, 0x00, 0x00, 0x04, 0x00, 0x00, 0x00, 0x60, 0x36, 0x00, 0x00, 
	0x04, 0x00, 0x00, 0x00, 0x68, 0x36, 0x00, 0x00, 0x04, 0x00, 0x00, 0x00, 0x70, 0x36, 0x00, 0x00, 
	0x04, 0x00, 0x00, 0x00, 0xb0, 0x36, 0x00, 0x00, 0x05, 0x00, 0x00, 0x00, 0xb4, 0x36, 0x00, 0x00, 
	0x06, 0x00, 0x00, 0x00, 0x94, 0x37, 0x00, 0x00, 0x04, 0x00, 0x00, 0x00, 0xbc, 0x37, 0x00, 0x00, 
	0x04, 0x00, 0x00, 0x00, 0x1c, 0x38, 0x00, 0x00, 0x04, 0x00, 0x00, 0x00, 0x30, 0x38, 0x00, 0x00, 
	0x04, 0x00, 0x00, 0x00, 0x78, 0x38, 0x00, 0x00, 0x05, 0x00, 0x00, 0x00, 0x80, 0x38, 0x00, 0x00, 
	0x06, 0x00, 0x00, 0x00, 0x30, 0x39, 0x00, 0x00, 0x04, 0x00, 0x00, 0x00, 0x6c, 0x39, 0x00, 0x00, 
	0x04, 0x00, 0x00, 0x00, 0xcc, 0x39, 0x00, 0x00, 0x04, 0x00, 0x00, 0x00, 0xe0, 0x39, 0x00, 0x00, 
	0x04, 0x00, 0x00, 0x00, 0x48, 0x3a, 0x00, 0x00, 0x05, 0x00, 0x00, 0x00, 0x4c, 0x3a, 0x00, 0x00, 
	0x06, 0x00, 0x00, 0x00, 0xac, 0x3a, 0x00, 0x00, 0x04, 0x00, 0x00, 0x00, 0xe4, 0x3a, 0x00, 0x00, 
	0x04, 0x00, 0x00, 0x00, 0x04, 0x3b, 0x00, 0x00, 0x04, 0x00, 0x00, 0x00, 0x14, 0x3b, 0x00, 0x00, 
	0x04, 0x00, 0x00, 0x00, 0x1c, 0x3b, 0x00, 0x00, 0x04, 0x00, 0x00, 0x00, 0x28, 0x3b, 0x00, 0x00, 
	0x05, 0x00, 0x00, 0x00, 0x2c, 0x3b, 0x00, 0x00, 0x06, 0x00, 0x00, 0x00, 0x84, 0x3b, 0x00, 0x00, 
	0x04, 0x00, 0x00, 0x00, 0xf4, 0x3b, 0x00, 0x00, 0x04, 0x00, 0x00, 0x00, 0x58, 0x3c, 0x00, 0x00, 
	0x04, 0x00, 0x00, 0x00, 0x7c, 0x3c, 0x00, 0x00, 0x05, 0x00, 0x00, 0x00, 0x80, 0x3c, 0x00, 0x00, 
	0x06, 0x00, 0x00, 0x00, 0x8c, 0x3c, 0x00, 0x00, 0x04, 0x00, 0x00, 0x00, 0x94, 0x3c, 0x00, 0x00, 
	0x04, 0x00, 0x00, 0x00, 0x9c, 0x3c, 0x00, 0x00, 0x05, 0x00, 0x00, 0x00, 0xa0, 0x3c, 0x00, 0x00, 
	0x06, 0x00, 0x00, 0x00, 0xdc, 0x3c, 0x00, 0x00, 0x04, 0x00, 0x00, 0x00, 0xf0, 0x3c, 0x00, 0x00, 
	0x04, 0x00, 0x00, 0x00, 0xf8, 0x3c, 0x00, 0x00, 0x04, 0x00, 0x00, 0x00, 0x00, 0x3d, 0x00, 0x00, 
	0x04, 0x00, 0x00, 0x00, 0x08, 0x3d, 0x00, 0x00, 0x04, 0x00, 0x00, 0x00, 0x3c, 0x3d, 0x00, 0x00, 
	0x05, 0x00, 0x00, 0x00, 0x44, 0x3d, 0x00, 0x00, 0x06, 0x00, 0x00, 0x00, 0x48, 0x3d, 0x00, 0x00, 
	0x05, 0x00, 0x00, 0x00, 0x50, 0x3d, 0x00, 0x00, 0x06, 0x00, 0x00, 0x00, 0x74, 0x3d, 0x00, 0x00, 
	0x04, 0x00, 0x00, 0x00, 0x84, 0x3d, 0x00, 0x00, 0x04, 0x00, 0x00, 0x00, 0x14, 0x3e, 0x00, 0x00, 
	0x04, 0x00, 0x00, 0x00, 0x30, 0x3e, 0x00, 0x00, 0x04, 0x00, 0x00, 0x00, 0x54, 0x3e, 0x00, 0x00, 
	0x04, 0x00, 0x00, 0x00, 0x84, 0x3e, 0x00, 0x00, 0x05, 0x00, 0x00, 0x00, 0x88, 0x3e, 0x00, 0x00, 
	0x06, 0x00, 0x00, 0x00, 0xc8, 0x3e, 0x00, 0x00, 0x05, 0x00, 0x00, 0x00, 0xcc, 0x3e, 0x00, 0x00, 
	0x06, 0x00, 0x00, 0x00, 0xe4, 0x3e, 0x00, 0x00, 0x05, 0x00, 0x00, 0x00, 0xe8, 0x3e, 0x00, 0x00, 
	0x06, 0x00, 0x00, 0x00, 0xf4, 0x3e, 0x00, 0x00, 0x05, 0x00, 0x00, 0x00, 0xf8, 0x3e, 0x00, 0x00, 
	0x06, 0x00, 0x00, 0x00, 0x04, 0x3f, 0x00, 0x00, 0x04, 0x00, 0x00, 0x00, 0x1c, 0x3f, 0x00, 0x00, 
	0x05, 0x00, 0x00, 0x00, 0x24, 0x3f, 0x00, 0x00, 0x06, 0x00, 0x00, 0x00, 0x84, 0x3f, 0x00, 0x00, 
	0x05, 0x00, 0x00, 0x00, 0x88, 0x3f, 0x00, 0x00, 0x06, 0x00, 0x00, 0x00, 0xa0, 0x3f, 0x00, 0x00, 
	0x05, 0x00, 0x00, 0x00, 0xa4, 0x3f, 0x00, 0x00, 0x06, 0x00, 0x00, 0x00, 0xb0, 0x3f, 0x00, 0x00, 
	0x05, 0x00, 0x00, 0x00, 0xb4, 0x3f, 0x00, 0x00, 0x06, 0x00, 0x00, 0x00, 0xc0, 0x3f, 0x00, 0x00, 
	0x04, 0x00, 0x00, 0x00, 0x5c, 0x40, 0x00, 0x00, 0x04, 0x00, 0x00, 0x00, 0x6c, 0x40, 0x00, 0x00, 
	0x04, 0x00, 0x00, 0x00, 0x80, 0x40, 0x00, 0x00, 0x05, 0x00, 0x00, 0x00, 0x84, 0x40, 0x00, 0x00, 
	0x06, 0x00, 0x00, 0x00, 0x90, 0x40, 0x00, 0x00, 0x05, 0x00, 0x00, 0x00, 0x94, 0x40, 0x00, 0x00, 
	0x06, 0x00, 0x00, 0x00, 0xe0, 0x40, 0x00, 0x00, 0x05, 0x00, 0x00, 0x00, 0xe4, 0x40, 0x00, 0x00, 
	0x06, 0x00, 0x00, 0x00, 0xe8, 0x40, 0x00, 0x00, 0x04, 0x00, 0x00, 0x00, 0x00, 0x41, 0x00, 0x00, 
	0x05, 0x00, 0x00, 0x00, 0x08, 0x41, 0x00, 0x00, 0x06, 0x00, 0x00, 0x00, 0x0c, 0x41, 0x00, 0x00, 
	0x05, 0x00, 0x00, 0x00, 0x14, 0x41, 0x00, 0x00, 0x06, 0x00, 0x00, 0x00, 0x2c, 0x41, 0x00, 0x00, 
	0x05, 0x00, 0x00, 0x00, 0x30, 0x41, 0x00, 0x00, 0x06, 0x00, 0x00, 0x00, 0x48, 0x41, 0x00, 0x00, 
	0x05, 0x00, 0x00, 0x00, 0x4c, 0x41, 0x00, 0x00, 0x06, 0x00, 0x00, 0x00, 0x68, 0x41, 0x00, 0x00, 
	0x04, 0x00, 0x00, 0x00, 0x98, 0x41, 0x00, 0x00, 0x04, 0x00, 0x00, 0x00, 0xc4, 0x41, 0x00, 0x00, 
	0x04, 0x00, 0x00, 0x00, 0xe8, 0x41, 0x00, 0x00, 0x04, 0x00, 0x00, 0x00, 0xf0, 0x41, 0x00, 0x00, 
	0x05, 0x00, 0x00, 0x00, 0xf4, 0x41, 0x00, 0x00, 0x06, 0x00, 0x00, 0x00, 0x0c, 0x42, 0x00, 0x00, 
	0x05, 0x00, 0x00, 0x00, 0x14, 0x42, 0x00, 0x00, 0x06, 0x00, 0x00, 0x00, 0x10, 0x42, 0x00, 0x00, 
	0x04, 0x00, 0x00, 0x00, 0x18, 0x42, 0x00, 0x00, 0x05, 0x00, 0x00, 0x00, 0x1c, 0x42, 0x00, 0x00, 
	0x06, 0x00, 0x00, 0x00, 0x20, 0x42, 0x00, 0x00, 0x04, 0x00, 0x00, 0x00, 0x38, 0x42, 0x00, 0x00, 
	0x05, 0x00, 0x00, 0x00, 0x40, 0x42, 0x00, 0x00, 0x06, 0x00, 0x00, 0x00, 0x58, 0x42, 0x00, 0x00, 
	0x04, 0x00, 0x00, 0x00, 0x60, 0x42, 0x00, 0x00, 0x05, 0x00, 0x00, 0x00, 0x64, 0x42, 0x00, 0x00, 
	0x06, 0x00, 0x00, 0x00, 0x70, 0x42, 0x00, 0x00, 0x05, 0x00, 0x00, 0x00, 0x74, 0x42, 0x00, 0x00, 
	0x06, 0x00, 0x00, 0x00, 0x84, 0x42, 0x00, 0x00, 0x05, 0x00, 0x00, 0x00, 0x88, 0x42, 0x00, 0x00, 
	0x06, 0x00, 0x00, 0x00, 0x94, 0x42, 0x00, 0x00, 0x04, 0x00, 0x00, 0x00, 0xa0, 0x42, 0x00, 0x00, 
	0x05, 0x00, 0x00, 0x00, 0xa4, 0x42, 0x00, 0x00, 0x06, 0x00, 0x00, 0x00, 0xa8, 0x42, 0x00, 0x00, 
	0x04, 0x00, 0x00, 0x00, 0x74, 0x44, 0x00, 0x00, 0x02, 0x00, 0x00, 0x00, 0x78, 0x44, 0x00, 0x00, 
	0x02, 0x00, 0x00, 0x00, 0x7c, 0x44, 0x00, 0x00, 0x02, 0x00, 0x00, 0x00, 0x80, 0x44, 0x00, 0x00, 
	0x02, 0x00, 0x00, 0x00, 0x84, 0x44, 0x00, 0x00, 0x02, 0x00, 0x00, 0x00, 0x88, 0x44, 0x00, 0x00, 
	0x02, 0x00, 0x00, 0x00, 0x8c, 0x44, 0x00, 0x00, 0x02, 0x00, 0x00, 0x00, 0x90, 0x44, 0x00, 0x00, 
	0x02, 0x00, 0x00, 0x00, 0x94, 0x44, 0x00, 0x00, 0x02, 0x00, 0x00, 0x00, 0x98, 0x44, 0x00, 0x00, 
	0x02, 0x00, 0x00, 0x00, 0x9c, 0x44, 0x00, 0x00, 0x02, 0x00, 0x00, 0x00, 0xa0, 0x44, 0x00, 0x00, 
	0x02, 0x00, 0x00, 0x00, 0xa4, 0x44, 0x00, 0x00, 0x02, 0x00, 0x00, 0x00, 0xa8, 0x44, 0x00, 0x00, 
	0x02, 0x00, 0x00, 0x00, 0xac, 0x44, 0x00, 0x00, 0x02, 0x00, 0x00, 0x00, 0xb0, 0x44, 0x00, 0x00, 
	0x02, 0x00, 0x00, 0x00, 0xb4, 0x44, 0x00, 0x00, 0x02, 0x00, 0x00, 0x00, 0xd0, 0x44, 0x00, 0x00, 
	0x02, 0x00, 0x00, 0x00, 0xd4, 0x44, 0x00, 0x00, 0x02, 0x00, 0x00, 0x00, 0xdc, 0x44, 0x00, 0x00, 
	0x02, 0x00, 0x00, 0x00, 0xe0, 0x44, 0x00, 0x00, 0x02, 0x00, 0x00, 0x00, 0xe8, 0x44, 0x00, 0x00, 
	0x02, 0x00, 0x00, 0x00, 0xec, 0x44, 0x00, 0x00, 0x02, 0x00, 0x00, 0x00, 0xf4, 0x44, 0x00, 0x00, 
	0x02, 0x00, 0x00, 0x00, 0xf8, 0x44, 0x00, 0x00, 0x02, 0x00, 0x00, 0x00, 0x00, 0x45, 0x00, 0x00, 
	0x02, 0x00, 0x00, 0x00, 0x04, 0x45, 0x00, 0x00, 0x02, 0x00, 0x00, 0x00, 0x0c, 0x45, 0x00, 0x00, 
	0x02, 0x00, 0x00, 0x00, 0x10, 0x45, 0x00, 0x00, 0x02, 0x00, 0x00, 0x00, 0x18, 0x45, 0x00, 0x00, 
	0x02, 0x00, 0x00, 0x00, 0x1c, 0x45, 0x00, 0x00, 0x02, 0x00, 0x00, 0x00, 0x24, 0x45, 0x00, 0x00, 
	0x02, 0x00, 0x00, 0x00, 0x28, 0x45, 0x00, 0x00, 0x02, 0x00, 0x00, 0x00, 0x30, 0x45, 0x00, 0x00, 
	0x02, 0x00, 0x00, 0x00, 0x34, 0x45, 0x00, 0x00, 0x02, 0x00, 0x00, 0x00, 0x38, 0x45, 0x00, 0x00, 
	0x02, 0x00, 0x00, 0x00, 0x68, 0x46, 0x00, 0x00, 0x02, 0x00, 0x00, 0x00, 0x6c, 0x46, 0x00, 0x00, 
	0x02, 0x00, 0x00, 0x00, 0x70, 0x46, 0x00, 0x00, 0x02, 0x00, 0x00, 0x00, 0x74, 0x46, 0x00, 0x00, 
	0x02, 0x00, 0x00, 0x00, 0xb8, 0x46, 0x00, 0x00, 0x02, 0x00, 0x00, 0x00, 0x00, 0x2e, 0x73, 0x79, 
	0x6d, 0x74, 0x61, 0x62, 0x00, 0x2e, 0x73, 0x74, 0x72, 0x74, 0x61, 0x62, 0x00, 0x2e, 0x73, 0x68, 
	0x73, 0x74, 0x72, 0x74, 0x61, 0x62, 0x00, 0x2e, 0x69, 0x6f, 0x70, 0x6d, 0x6f, 0x64, 0x00, 0x2e, 
	0x72, 0x65, 0x6c, 0x2e, 0x74, 0x65, 0x78, 0x74, 0x00, 0x2e, 0x72, 0x65, 0x6c, 0x2e, 0x72, 0x6f, 
	0x64, 0x61, 0x74, 0x61, 0x00, 0x2e, 0x72, 0x65, 0x6c, 0x2e, 0x64, 0x61, 0x74, 0x61, 0x00, 0x2e, 
	0x63, 0x74, 0x6f, 0x72, 0x73, 0x00, 0x2e, 0x64, 0x74, 0x6f, 0x72, 0x73, 0x00, 0x2e, 0x62, 0x73, 
	0x73, 0x00, 0x00, 0x00, 0x00, 0x00, 0x00, 0x00, 0x00, 0x00, 0x00, 0x00, 0x00, 0x00, 0x00, 0x00, 
	0x00, 0x00, 0x00, 0x00, 0x00, 0x00, 0x00, 0x00, 0x00, 0x00, 0x00, 0x00, 0x00, 0x00, 0x00, 0x00, 
	0x00, 0x00, 0x00, 0x00, 0x00, 0x00, 0x00, 0x00, 0x00, 0x00, 0x00, 0x00, 0x1b, 0x00, 0x00, 0x00, 
	0x80, 0x00, 0x00, 0x70, 0x00, 0x00, 0x00, 0x00, 0x00, 0x00, 0x00, 0x00, 0x58, 0x47, 0x00, 0x00, 
	0x1f, 0x00, 0x00, 0x00, 0x00, 0x00, 0x00, 0x00, 0x00, 0x00, 0x00, 0x00, 0x04, 0x00, 0x00, 0x00, 
	0x00, 0x00, 0x00, 0x00, 0x27, 0x00, 0x00, 0x00, 0x01, 0x00, 0x00, 0x00, 0x06, 0x00, 0x00, 0x00, 
	0x00, 0x00, 0x00, 0x00, 0x80, 0x00, 0x00, 0x00, 0xd0, 0x44, 0x00, 0x00, 0x00, 0x00, 0x00, 0x00, 
	0x00, 0x00, 0x00, 0x00, 0x10, 0x00, 0x00, 0x00, 0x00, 0x00, 0x00, 0x00, 0x23, 0x00, 0x00, 0x00, 
	0x09, 0x00, 0x00, 0x00, 0x40, 0x00, 0x00, 0x00, 0x00, 0x00, 0x00, 0x00, 0xfc, 0x47, 0x00, 0x00, 
	0xf0, 0x0f, 0x00, 0x00, 0x0b, 0x00, 0x00, 0x00, 0x02, 0x00, 0x00, 0x00, 0x04, 0x00, 0x00, 0x00, 
	0x08, 0x00, 0x00, 0x00, 0x31, 0x00, 0x00, 0x00, 0x01, 0x00, 0x00, 0x00, 0x02, 0x00, 0x00, 0x00, 
	0xd0, 0x44, 0x00, 0x00, 0x50, 0x45, 0x00, 0x00, 0x8c, 0x01, 0x00, 0x00, 0x00, 0x00, 0x00, 0x00, 
	0x00, 0x00, 0x00, 0x00, 0x10, 0x00, 0x00, 0x00, 0x00, 0x00, 0x00, 0x00, 0x2d, 0x00, 0x00, 0x00, 
	0x09, 0x00, 0x00, 0x00, 0x40, 0x00, 0x00, 0x00, 0x00, 0x00, 0x00, 0x00, 0xec, 0x57, 0x00, 0x00, 
	0x98, 0x00, 0x00, 0x00, 0x0b, 0x00, 0x00, 0x00, 0x04, 0x00, 0x00, 0x00, 0x04, 0x00, 0x00, 0x00, 
	0x08, 0x00, 0x00, 0x00, 0x3d, 0x00, 0x00, 0x00, 0x01, 0x00, 0x00, 0x00, 0x03, 0x00, 0x00, 0x00, 
	0x60, 0x46, 0x00, 0x00, 0xe0, 0x46, 0x00, 0x00, 0x70, 0x00, 0x00, 0x00, 0x00, 0x00, 0x00, 0x00, 
	0x00, 0x00, 0x00, 0x00, 0x10, 0x00, 0x00, 0x00, 0x00, 0x00, 0x00, 0x00, 0x39, 0x00, 0x00, 0x00, 
	0x09, 0x00, 0x00, 0x00, 0x40, 0x00, 0x00, 0x00, 0x00, 0x00, 0x00, 0x00, 0x84, 0x58, 0x00, 0x00, 
	0x28, 0x00, 0x00, 0x00, 0x0b, 0x00, 0x00, 0x00, 0x06, 0x00, 0x00, 0x00, 0x04, 0x00, 0x00, 0x00, 
	0x08, 0x00, 0x00, 0x00, 0x43, 0x00, 0x00, 0x00, 0x01, 0x00, 0x00, 0x00, 0x03, 0x00, 0x00, 0x00, 
	0xd0, 0x46, 0x00, 0x00, 0x50, 0x47, 0x00, 0x00, 0x04, 0x00, 0x00, 0x00, 0x00, 0x00, 0x00, 0x00, 
	0x00, 0x00, 0x00, 0x00, 0x01, 0x00, 0x00, 0x00, 0x00, 0x00, 0x00, 0x00, 0x4a, 0x00, 0x00, 0x00, 
	0x01, 0x00, 0x00, 0x00, 0x03, 0x00, 0x00, 0x00, 0xd4, 0x46, 0x00, 0x00, 0x54, 0x47, 0x00, 0x00, 
	0x04, 0x00, 0x00, 0x00, 0x00, 0x00, 0x00, 0x00, 0x00, 0x00, 0x00, 0x00, 0x01, 0x00, 0x00, 0x00, 
	0x00, 0x00, 0x00, 0x00, 0x51, 0x00, 0x00, 0x00, 0x08, 0x00, 0x00, 0x00, 0x03, 0x00, 0x00, 0x00, 
	0xe0, 0x46, 0x00, 0x00, 0x58, 0x47, 0x00, 0x00, 0xc0, 0x00, 0x00, 0x00, 0x00, 0x00, 0x00, 0x00, 
	0x00, 0x00, 0x00, 0x00, 0x10, 0x00, 0x00, 0x00, 0x00, 0x00, 0x00, 0x00, 0x01, 0x00, 0x00, 0x00, 
	0x02, 0x00, 0x00, 0x00, 0x00, 0x00, 0x00, 0x00, 0x00, 0x00, 0x00, 0x00, 0x78, 0x47, 0x00, 0x00, 
	0x80, 0x00, 0x00, 0x00, 0x0c, 0x00, 0x00, 0x00, 0x08, 0x00, 0x00, 0x00, 0x04, 0x00, 0x00, 0x00, 
	0x10, 0x00, 0x00, 0x00, 0x09, 0x00, 0x00, 0x00, 0x03, 0x00, 0x00, 0x00, 0x00, 0x00, 0x00, 0x00, 
	0x00, 0x00, 0x00, 0x00, 0xf8, 0x47, 0x00, 0x00, 0x01, 0x00, 0x00, 0x00, 0x00, 0x00, 0x00, 0x00, 
	0x00, 0x00, 0x00, 0x00, 0x01, 0x00, 0x00, 0x00, 0x00, 0x00, 0x00, 0x00, 0x11, 0x00, 0x00, 0x00, 
	0x03, 0x00, 0x00, 0x00, 0x00, 0x00, 0x00, 0x00, 0x00, 0x00, 0x00, 0x00, 0xac, 0x58, 0x00, 0x00, 
	0x56, 0x00, 0x00, 0x00, 0x00, 0x00, 0x00, 0x00, 0x00, 0x00, 0x00, 0x00, 0x01, 0x00, 0x00, 0x00, 
	0x00, 0x00, 0x00, 0x00, 
};

#endif
